0.005,0,0,0,0,0,0,0,0,0,0,0,0,0,0,0
0.015,0,0,0,0,0,0,0,0,0,0,0,0,0,0,0
0.025,0,0,0,0,0,0,0,0,0,0,0,0,0,0,0
0.035,0,0,0,0,0,0,0,0,0,0,0,0,0,0,0
0.045,0,0,0,0,0,0,0,0,0,0,0,0,0,0,0
0.055,0,0,0,0,0,0,0,0,0,0,0,0,0,0,0
0.065,0,0,0,0,0,0,0,0,0,0,0,0,0,0,0
0.075,0,0,0,0,0,0,0,0,0,0,0,0,0,0,0
0.085,0,0,0,0,0,0,0,0,0,0,0,0,0,0,0
0.095,0,0,0,0,0,0,0,0,0,0,0,0,0,0,0
0.105,0,0,0,0,0,0,0,0,0,0,0,0,0,0,0
0.115,0,0,0,0,0,0,0,0,0,0,0,0,0,0,0
0.125,0,0,0,0,0,0,0,0,0,0,0,0,0,0,0
0.135,0,0,0,0,0,0,0,0,0,0,0,0,0,0,0
0.145,0,0,0,0,0,0,0,0,0,0,0,0,0,0,0
0.155,0,0,0,0,0,0,0,0,0,0,0,0,0,0,0
0.165,0,0,0,0,0,0,0,0,0,0,0,0,0,0,0
0.175,0,0,0,0,0,0,0,0,0,0,0,0,0,0,0
0.185,0,0,0,0,0,0,0,0,0,0,0,0,0,0,0
0.195,0,0,0,0,0,0,0,0,0,0,0,0,0,0,0
0.205,0,0,0,0,0,0,0,0,0,0,0,0,0,0,0
0.215,0,0,0,0,0,0,0,0,0,0,0,0,0,0,0
0.225,0,0,0,0,0,0,0,0,0,0,0,0,0,0,0
0.235,0,0,0,0,0,0,0,0,0,0,0,0,0,0,0
0.245,0,0,0,0,0,0,0,0,0,0,0,0,0,0,0
0.255,0,0,0,0,0,0,0,0,0,0,0,0,0,0,0
0.265,0,0,0,0,0,0,0,0,0,0,0,0,0,0,0
0.275,0,0,0,0,0,0,0,0,0,0,0,0,0,0,0
0.285,0,0,0,0,0,0,0,0,0,0,0,0,0,0,0
0.295,0,0,0,0,0,0,0,0,0,0,0,0,0,0,0
0.305,0,0,0,0,0,0,0,0,0,0,0,0,0,0,0
0.315,0,0,0,0,0,0,0,0,0,0,0,0,0,0,0
0.325,0,0,0,0,0,0,0,0,0,0,0,0,0,0,0
0.335,0,0,0,0,0,0,0,0,0,0,0,0,0,0,0
0.345,0,0,0,0,0,0,0,0,0,0,0,0,0,0,0
0.355,0,0,0,0,0,0,0,0,0,0,0,0,0,0,0
0.365,0,0,0,0,0,0,0,0,0,0,0,0,0,0,0
0.375,0,0,0,0,0,0,0,0,0,0,0,0,0,0,0
0.385,0,0,0,0,0,0,0,0,0,0,0,0,0,0,0
0.395,0,0,0,0,0,0,0,0,0,0,0,0,0,0,0
0.405,0,0,0,0,0,0,0,0,0,0,0,0,0,0,0
0.415,0,0,0,0,0,0,0,0,0,0,0,0,0,0,0
0.425,0,0,0,0,0,0,0,0,0,0,0,0,0,0,0
0.435,0,0,0,0,0,0,0,0,0,0,0,0,0,0,0
0.445,0,0,0,0,0,0,0,0,0,0,0,0,0,0,0
0.455,0,0,0,0,0,0,0,0,0,0,0,0,0,0,0
0.465,0,0,0,0,0,0,0,0,0,0,0,0,0,0,0
0.475,0,0,0,0,0,0,0,0,0,0,0,0,0,0,0
0.485,0,0,0,0,0,0,0,0,0,0,0,0,0,0,0
0.495,0,0,0,0,0,0,0,0,0,0,0,0,0,0,0
0.505,0,0,0,0,0,0,0,0,0,0,0,0,0,0,0
0.515,0,0,0,0,0,0,0,0,0,0,0,0,0,0,0
0.525,0,0,0,0,0,0,0,0,0,0,0,0,0,0,0
0.535,0,0,0,0,0,0,0,0,0,0,0,0,0,0,0
0.545,0,0,0,0,0,0,0,0,0,0,0,0,0,0,0
0.555,0,0,0,0,0,0,0,0,0,0,0,0,0,0,0
0.565,0,0,0,0,0,0,0,0,0,0,0,0,0,0,0
0.575,0,0,0,0,0,0,0,0,0,0,0,0,0,0,0
0.585,0,0,0,0,0,0,0,0,0,0,0,0,0,0,0
0.595,0,0,0,0,0,0,0,0,0,0,0,0,0,0,0
0.605,0,0,0,0,0,0,0,0,0,0,0,0,0,0,0
0.615,0,0,0,0,0,0,0,0,0,0,0,0,0,0,0
0.625,0,0,0,0,0,0,0,0,0,0,0,0,0,0,0
0.635,0,0,0,0,0,0,0,0,0,0,0,0,0,0,0
0.645,0,0,0,0,0,0,0,0,0,0,0,0,0,0,0
0.655,0,0,0,0,0,0,0,0,0,0,0,0,0,0,0
0.665,0,0,0,0,0,0,0,0,0,0,0,0,0,0,0
0.675,0,0,0,0,0,0,0,0,0,0,0,0,0,0,0
0.685,0,0,0,0,0,0,0,0,0,0,0,0,0,0,0
0.695,0,0,0,0,0,0,0,0,0,0,0,0,0,0,0
0.705,0,0,0,0,0,0,0,0,0,0,0,0,0,0,0
0.715,0,0,0,0,0,0,0,0,0,0,0,0,0,0,0
0.725,0,0,0,0,0,0,0,0,0,0,0,0,0,0,0
0.735,0,0,0,0,0,0,0,0,0,0,0,0,0,0,0
0.745,0,0,0,0,0,0,0,0,0,0,0,0,0,0,0
0.755,0,0,0,0,0,0,0,0,0,0,0,0,0,0,0
0.765,0,0,0,0,0,0,0,0,0,0,0,0,0,0,0
0.775,0,0,0,0,0,0,0,0,0,0,0,0,0,0,0
0.785,0,0,0,0,0,0,0,0,0,0,0,0,0,0,0
0.795,0,0,0,0,0,0,0,0,0,0,0,0,0,0,0
0.805,0,0,0,0,0,0,0,0,0,0,0,0,0,0,0
0.815,0,0,0,0,0,0,0,0,0,0,0,0,0,0,0
0.825,0,0,0,0,0,0,0,0,0,0,0,0,0,0,0
0.835,0,0,0,0,0,0,0,0,0,0,0,0,0,0,0
0.845,0,0,0,0,0,0,0,0,0,0,0,0,0,0,0
0.855,0,0,0,0,0,0,0,0,0,0,0,0,0,0,0
0.865,0,0,0,0,0,0,0,0,0,0,0,0,0,0,0
0.875,0,0,0,0,0,0,0,0,0,0,0,0,0,0,0
0.885,0,0,0,0,0,0,0,0,0,0,0,0,0,0,0
0.895,0,0,0,0,0,0,0,0,0,0,0,0,0,0,0
0.905,0,0,0,0,0,0,0,0,0,0,0,0,0,0,0
0.915,0,0,0,0,0,0,0,0,0,0,0,0,0,0,0
0.925,0,0,0,0,0,0,0,0,0,0,0,0,0,0,0
0.935,0,0,0,0,0,0,0,0,0,0,0,0,0,0,0
0.945,0,0,0,0,0,0,0,0,0,0,0,0,0,0,0
0.955,0,0,0,0,0,0,0,0,0,0,0,0,0,0,0
0.965,0,0,0,0,0,0,0,0,0,0,0,0,0,0,0
0.975,0,0,0,0,0,0,0,0,0,0,0,0,0,0,0
0.985,0,0,0,0,0,0,0,0,0,0,0,0,0,0,0
0.995,0,0,0,0,0,0,0,0,0,0,0,0,0,0,0
1.005,0,0,0,0,0,0,0,0,0,0,0,0,0,0,0
1.015,0,0,0,0,0,0,0,0,0,0,0,0,0,0,0
1.025,0,0,0,0,0,0,0,0,0,0,0,0,0,0,0
1.035,0,0,0,0,0,0,0,0,0,0,0,0,0,0,0
1.045,0,0,0,0,0,0,0,0,0,0,0,0,0,0,0
1.055,0,0,0,0,0,0,0,0,0,0,0,0,0,0,0
1.065,0,0,0,0,0,0,0,0,0,0,0,0,0,0,0
1.075,0,0,0,0,0,0,0,0,0,0,0,0,0,0,0
1.085,0,0,0,0,0,0,0,0,0,0,0,0,0,0,0
1.095,0,0,0,0,0,0,0,0,0,0,0,0,0,0,0
1.105,0,0,0,0,0,0,0,0,0,0,0,0,0,0,0
1.115,0,0,0,0,0,0,0,0,0,0,0,0,0,0,0
1.125,0,0,0,0,0,0,0,0,0,0,0,0,0,0,0
1.135,0,0,0,0,0,0,0,0,0,0,0,0,0,0,0
1.145,0,0,0,0,0,0,0,0,0,0,0,0,0,0,0
1.155,0,0,0,0,0,0,0,0,0,0,0,0,0,0,0
1.165,0,0,0,0,0,0,0,0,0,0,0,0,0,0,0
1.175,0,0,0,0,0,0,0,0,0,0,0,0,0,0,0
1.185,0,0,0,0,0,0,0,0,0,0,0,0,0,0,0
1.195,0,0,0,0,0,0,0,0,0,0,0,0,0,0,0
1.205,0,0,0,0,0,0,0,0,0,0,0,0,0,0,0
1.215,0,0,0,0,0,0,0,0,0,0,0,0,0,0,0
1.225,0,0,0,0,0,0,0,0,0,0,0,0,0,0,0
1.235,0,0,0,0,0,0,0,0,0,0,0,0,0,0,0
1.245,0,0,0,0,0,0,0,0,0,0,0,0,0,0,0
1.255,0,0,0,0,0,0,0,0,0,0,0,0,0,0,0
1.265,0,0,0,0,0,0,0,0,0,0,0,0,0,0,0
1.275,0,0,0,0,0,0,0,0,0,0,0,0,0,0,0
1.285,0,0,0,0,0,0,0,0,0,0,0,0,0,0,0
1.295,0,0,0,0,0,0,0,0,0,0,0,0,0,0,0
1.305,0,0,0,0,0,0,0,0,0,0,0,0,0,0,0
1.315,0,0,0,0,0,0,0,0,0,0,0,0,0,0,0
1.325,0,0,0,0,0,0,0,0,0,0,0,0,0,0,0
1.335,0,0,0,0,0,0,0,0,0,0,0,0,0,0,0
1.345,0,0,0,0,0,0,0,0.64261,0,0,0,0,0,0,0
1.355,0,0,0,0,0,0,0,3.3467,0,0,0,0,0,0,0
1.365,0,0,0,0,0,0,0,7.6653,0,0,0,0,0,0,0
1.375,0,0,0,0,0,0,0,17.129,0,0,0,0,0,0,0
1.385,0,0,0,0,0,0,0,25.973,0,0,0,0,0,0,0
1.395,0,0,0,0,0,0,0,25.26,0,0,0,0,0,0,0
1.405,0,0,0,0,0,0,0,27.005,0,0,0,0,0,0,0
1.415,0,0,0,0,0,0,0,20.819,0,0,0,0,0,0,0
1.425,0,0,0,0,0,0,0,16.602,0,0,0,0,0,0,0
1.435,0,0,0,0,0,0,0,11.775,0,0,0,0,0,0,0
1.445,0,0,0,0,0,0,0,12.089,0,0,0,0,0,0,0
1.455,0,0,0,0,0,0,0,14.042,0,0,0,0,0,0,0
1.465,0,0,0,0,0,0,0,11.839,0,0,0,0,0,0,0
1.475,0,0,0,0,0,0,0,12.748,0,0,0,0,0,0,0
1.485,0,0,0,0,0,0,0,9.4135,0,0,0,0,0,0,0
1.495,0,0,0,0,0,0,0,7.5047,0,0,0,0,0,0,0
1.505,0,0,0,0,0,0,0,5.6456,0,0,0,0,0,0,0
1.515,0,0,0,0,0,0,0,5.5713,0,0,0,0,0,0,0
1.525,0,0,0,0,0,0,0,4.356,0,0,0,0,0,0,0
1.535,0,0,0,0,0,0,0,1.6916,0,0,0.67183,0,0,0,0
1.545,0,0,0,0,0,0,0,1.3219,0,0,0,0,0,0,0
1.555,0,0,0,0,0,0,0,0.75548,0,0,0,0,0,0,0
1.565,0,0,0,0,0,0,0,0.61025,0,0,1.2926,0,0,0,0
1.575,0,0,0,0,0,0,0,0.33474,0,0,4.4669,0,0,0,0
1.585,0,0,0,0,0,0,0,0.26442,0,0,10.082,0,0,0,0
1.595,0,0,0,0,0,0,0,0.26112,0,0,13.689,0,0,0,0
1.605,0,0,0,0,0,0,0,0.12894,0,0,23.966,0,0,0,0
1.615,0,0,0,0,0,0,0,0,0,0,21.242,0,0,0,0
1.625,0,0,0,0,0,0,0,0,0,0,18.584,0,0,0,0
1.635,0,0,0,0,0,0,0,0,0,0,26.647,0,0,0,0
1.645,0,0,0,0,0,0,0,0.18411,0,0,25.154,0,0,0,0
1.655,0,0,0,0,0,0,0,0,0,0,23.695,0,0,0,0
1.665,0,0,0,0,0,0,0,0,0,0,18.272,0,0,0,0
1.675,0,0,0,0,0,0,0,0,0,0,14.105,0,0,0,0
1.685,0,0,0,0,0,0,0,0,0,0,7.8055,0,0,0,0
1.695,0,0,0,0,0,0,0,0,0,0,3.8568,0,0,0,0
1.705,0,0,0,0,0,0,0,0,0,0,4.3563,0,0,0,0
1.715,0,0,0,0,0,0,0,0,0,0,2.1528,0,0,0,0
1.725,0,0,0,0,0,0,0,0,0,0,1.5959,0,0,0,0
1.735,0,0,0,0,0,0,0,0,0,0,0,0,0,0,0
1.745,0,0,0,0,0,0,0,0,0,0,0,0,0,0,0
1.755,0,0,0,0,0,0,0,0,0,0,0,0,0,0,0
1.765,0,0,0,0,0,0,0,0,0,0,0,0,0,0,0
1.775,0,0,0,0,0,0,0,0,0,0,0.50243,0,0,0,0
1.785,0,0,0,0,0,0,0,0,0,0,0,0,0,0,0
1.795,0,0,0,0,0,0,0,0,0,0,0,0,0,0,0
1.805,0,0,0,0,0,0,0,0,0,0,0,0,0,0,0
1.815,0,0,0,0,0,0,0,0,0,0,0,0,0,0,0
1.825,0,0,0,0,0,0,0,0,0,0,0,0,0,0,0
1.835,0,0,0,0,0,0,0,0,0,0,0,0,0,0,0
1.845,0,0,0,0,0,0,0,0,0,0,0,0,0,0,0
1.855,0,0,0,0,0,0,0,0,0,0,0,0,0,0,0
1.865,0,0,0,0,0,0,0,0,0,0,0,0,0,0,0
1.875,0,0,0,0,0,0,0,0,0,0,0,0,0,0,0
1.885,0,0,0,0,0,0,0,0,0,0,0,0,0,0,0
1.895,0,0,0,0,0,0,0,0,0,0,0,0,0,0,0
1.905,0,0,0,0,0,0,0,0,0,0,0,0,0,0,0
1.915,0,0,0,0,0,0,0,0,0,0,0,0,0,0,0
1.925,0,0,0,0,0,0,0,0,0,0,0,0,0,0,0
1.935,0,0,0,0,0,0,0,0,0,0,0,0,0,0,0
1.945,0,0,0,0,0,0,0,0,0,0,0,0,0,0,0
1.955,0,0,0,0,0,0,0,0,0,0,0,0,0,0,0
1.965,0,0,0,0,0,0,0,0,0,0,0,0,0,0,0
1.975,0,0,0,0,0,0,0,0,0,0,0,0,0,0,0
1.985,0,0,0,0,0,0,0,0,0,0,0,0,0,0,0
1.995,0,0,0,0,0,0,0,0,0,0,0,0,0,0,0
2.005,0,0,0,0,0,0,0,0,0,0,0,0,0,0,0
2.015,0,0,0,0,0,0,0,0,0,0,0,0,0,0,0
2.025,0,0,0,0,0,0,0,0,0,0,0,0,0,0,0
2.035,0,0,0,0,0,0,0,0,0,0,0,0,0,0,0
2.045,0,0,0,0,0,0,0,0,0,0,0,0,0,0,0
2.055,0,0,0,0,0,0,0,0.039325,0,0,0,0,0,0,0
2.065,0,0,0,0,0,0,0,0,0,0,0,0,0,0,0
2.075,0,0,0,0,0,0,0,0,0,0,0,0,0,0,0
2.085,0,0,0,0,0,0,0,0,0,0,0,0,0,0,0
2.095,0,0,0,0,0,0,0,0.037838,0,0,0,0,0,0,0
2.105,0,0,0,0,0,0,0,0,0,0,0,0,0,0,0
2.115,0,0,0,0,0,0,0,0,0,0,0,0,0,0,0
2.125,0,0,0,0,0,0,0,0,0,0,0,0,0,0,0
2.135,0,0,0,0,0,0,0,0,0,0,0,0,0,0,0
2.145,2.3734,0,0,0,0,0,0,0,0,0,0,0,0,0,0
2.155,0,0,0,0,0,0,0,0,0,0,0,0,0,0,0
2.165,0,0,0,0,0,0,0,0.035431,0,0,0,0,0,0,0
2.175,0,0,0,0,0,0,0,0,0,0,0,0,0,0,0
2.185,0,0,0,0,0,0,0,0.034785,0,0,0,0,0,0,0
2.195,0,0,0,0,0,0,0,0.034469,0,0,0,0,0,0.42894,0
2.205,0,0,0,0,0,0,0,0,0,0,0,0,0,0,0
2.215,0,0,0,0,0,0,0,0,0,0,0,0,0,0,0
2.225,0,0,0,0.13915,0,0,0,0,0,0,0,0,0,0.41745,0
2.235,0,0,0,0.27582,0,0,0,0.033246,0,0,0,0,0,0,0
2.245,2.1667,0,0,0,0,0,0,0.03295,0,0,0,0,0,0,0
2.255,0,0,0,0.67737,0,0,0,0,0,0,0,0,0,1.2193,0
2.265,0,0.25657,0,0.6714,0,0,0,0,0,0,0,0,0.033884,0.40284,0
2.275,0,0,0,0.66551,0,0,0,0.064174,0,0,0,0,0.10076,1.1979,0
2.285,0,0,0,0.6597,0,0,0,0.031807,0,0,0,0,0.26635,0,0
2.295,0,0,0,0.13079,0,0,0,0.063061,0,0,0,0,0.49506,1.5695,0
2.305,0,0,0,0.6483,0,0,0,0.031257,0,0,0,0,0.68708,2.3339,0
2.315,0,0,0,1.0283,0,0,0,0.12395,0,0,0,0,0.90821,2.3138,0
2.325,0,0,0,0.76463,0,0,0,0.030722,0,0,0,0,1.5757,3.0585,0
2.335,0,0,0,1.0108,0,0,0,0.091378,0,0,0,0,2.7738,3.4114,0
2.345,0,0,0,1.7538,0,0,0,0.0604,0,0,0,0,3.6985,3.7582,0
2.355,0,0,0,1.2421,0,0,0,0.029944,0,0,0,0,4.8582,3.3537,0
2.365,1.9524,0,0,1.6011,0,0,0,0.029691,0,0,0,0,5.9672,5.1729,0
2.375,0,0,0,1.4656,0,0,0,0.029442,0,0,0,0,7.6736,6.595,0
2.385,0,0,0,1.8166,0,0,0,0.029196,0,0,0,0,8.0984,6.5398,0
2.395,1.9038,0.22947,0,2.2819,0,0,0,0.086857,0,0,0,0,9.0613,4.6838,0
2.405,0,0.22757,0,1.7865,0,0,0,0.057424,0,0,0,0,8.5052,1.7865,0
2.415,0,0,0,3.1892,0,0,0,0,0,0,0,0,9.0012,3.5435,0
2.425,0,0,0,3.9829,0,0.10792,0,0.19768,0,0,0,0,9.2227,5.623,0
2.435,0,0,0,2.5561,0,0.21407,0,0.084027,0,0,0,0,8.2676,4.5312,0
2.445,0,0,0,2.7657,0,0.10616,0,0.02778,0,0,0,0,6.8043,4.1485,0
2.455,0,0.21839,0,2.8575,0,0.21059,0,0.027554,0,0,0,0,6.1145,5.1435,0
2.465,0,0,0,2.8344,0,0.10444,0,0.13666,0,0,0,0,4.4915,5.7821,0
2.475,0,0.21488,0,1.6869,0,0,0,0.18978,0,0,0,0,3.4053,5.0607,0
2.485,0,0.21315,0,2.6774,0,0.20554,0,0.16136,0,0,0,0,2.7868,5.3547,0
2.495,0,0.4229,0,3.6519,0,0.40779,0,0.13339,0,0,0,0,1.7313,4.3159,0
2.505,0,0.20976,0,3.4033,0,0.30341,0,0.10586,0.62929,0,0,0,1.3574,5.2696,0
2.515,0,0.4162,0,3.3762,0,0,0,0.078766,0,0,0,0,1.0168,6.8614,0
2.525,0,0,0,2.3771,0,0.4977,0,0.10419,0,0,0,0,0.5453,3.5657,0
2.535,0,0,0,2.2512,0,0.59254,0,0.10337,0.61448,0,0,0,0.56806,4.1808,0
2.545,0,0.60966,0,3.2971,0,0.78385,0.93395,0.20512,0,0,0,0,0.50992,1.2763,0
2.555,0,0.20163,0,2.6382,0,1.0694,0,0.1272,0,0,0,0,0.61246,1.8995,0
2.565,1.6598,0.60019,0,2.513,0,0.67522,0,0.15145,0,0,0,0,0.55485,3.7694,0
2.575,0,0.59554,0,3.4285,0,1.1485,0.45616,0.12523,0,0,0,0,0.49811,4.6753,0
2.585,0,0.59094,0,2.268,0,1.5196,0,0.099411,0.59094,0,0.23689,0,0.67636,3.4021,0
2.595,1.6216,0.5864,0,3.2736,0,0.56545,1.3475,0.14797,0.5864,0,0,0,0.30977,3.069,0
2.605,0,0,0,2.1318,0,1.1222,0.44571,0.09789,1.7457,0,0,0,0.61479,2.4364,0
2.615,3.1939,0.57746,0,1.8133,0,1.4849,1.3269,0.097143,0.57746,0,0,0,0.9914,2.4178,0
2.625,1.5848,0.76409,0,2.5993,0,2.3025,1.7558,0.072303,0.57307,0,0.22973,0,0.50454,1.1997,0
2.635,0,0.56873,0,3.0757,0,2.0109,1.3069,0.023918,0.56873,0,0,0,0.72605,2.0836,0
2.645,1.5609,0.94072,0,3.5449,0,2.0864,0.86467,0.16617,1.1289,0,0,0,0.8945,2.3632,0
2.655,0,0.56019,0,2.6387,0,2.3408,1.2872,0.18848,1.6806,0,0,0,0.69049,2.3455,0
2.665,0,1.112,0,0.96996,0,3.6636,0.42587,0.070149,1.112,0,0,0,0.66084,2.3279,0
2.675,1.5261,0.91974,0,2.5031,0,2.4833,1.2681,0.2785,1.6555,0,0,0,0.7045,2.0217,0
2.685,1.5147,0.73032,0,2.3889,0,3.1691,2.5173,0.092144,1.6432,0,0,0,0.5787,0.57334,0
2.695,0,1.2686,0,2.0867,0,4.2815,2.0822,0.16006,1.0874,0,0,0,0.52654,2.2764,0
2.705,1.4924,1.619,0,2.6362,0,3.3826,2.8936,0.24966,3.238,0,0,0,0.54641,1.9771,0
2.715,0,1.25,0,1.9626,0,4.6492,2.462,0.24783,1.6071,0,0,0,0.51881,1.9626,0
2.725,1.4706,1.5953,1.6896,1.9482,2.2059,5.2133,2.4439,0.3802,1.5953,0,0,0,0.9598,1.6699,0
2.735,2.9197,1.2318,0,1.1051,0,4.4966,1.6174,0.15541,3.1674,0,0,0,0.76688,1.6577,0
2.745,1.4493,1.2228,0,1.6456,0,5.3903,2.007,0.30856,1.0481,0,0.21008,0,0.55367,1.6456,0
2.755,0,1.3874,0,1.906,0,5.5185,1.9925,0.2188,2.081,0,0.62568,0,0.8474,0.27229,0
2.765,0,1.8939,0,1.5318,0,5.1466,4.3518,0.23894,1.5495,0,0.41411,0,0.70485,1.3516,0
2.775,0,1.5384,0,1.2524,0,5.4392,4.3205,0.28036,4.1023,0,0.20556,0,0.49662,1.0735,0
2.785,4.2238,2.5456,0,2.3093,0,4.582,4.6795,0.1927,1.5273,0,0.40818,0,0.60512,1.3323,0
2.795,1.3979,2.6959,3.2121,1.7637,0,3.7369,1.5487,0.23384,2.0219,0,0.20263,0,0.55629,1.3227,0
2.805,2.7758,1.8402,0,1.6636,0,3.3877,4.613,0.16886,2.0075,0,0,0,0.50815,1.0507,12.491
2.815,2.7561,2.8238,0,1.4779,0,4.0044,0.76338,0.23053,3.9866,0,0.19976,0,0.76778,1.0432,0
2.825,0,2.8039,0,1.5538,0,3.4194,4.5479,0.16647,1.9792,0,0.19835,0,0.54454,0.77688,0
2.835,0,2.7841,0,1.8,0,3.4743,1.5053,0.1653,4.9131,0,0.39391,0,0.54071,0.77141,0
2.845,0,2.9272,0,1.3618,0,2.5874,4.8579,0.24621,4.8787,0,0,0,0.42953,1.2767,0
2.855,1.3397,0.80742,0,1.6903,2.0096,2.7251,4.0818,0.16299,4.3601,0,0.19421,0,0.70377,1.7748,0
2.865,2.6608,1.9243,3.0571,1.091,0,2.0875,2.5794,0.20232,2.8865,0,0.19285,0,0.55062,1.2589,0
2.875,2.6423,1.7517,4.5538,1.8336,0,1.382,2.1956,0.34156,2.3887,0,0.19151,0,0.63092,0.50006,0
2.885,1.312,2.5303,1.5074,0.9932,0,1.6012,4.7241,0.21948,2.8466,0,0,0,0.60567,0.4966,0
2.895,0,2.1987,0,1.4795,0,1.4387,3.6089,0.23778,2.3558,0,0.37775,4.4911,0.58075,0.73976,0
2.905,0,2.9635,2.9735,1.4694,0,1.504,4.3009,0.33454,2.8075,0,0.18758,0,0.55616,0.73468,0
2.915,1.2851,3.0981,0,1.135,0,0.82155,3.9155,0.25407,3.7177,0,0.74517,4.4296,0.69555,0.48643,0
2.925,1.2764,2.6154,1.4665,1.6909,0,1.1127,3.8888,0.32998,3.2308,0,0.55506,0,0.52826,1.4493,0
2.935,0,3.056,1.4565,1.4395,0,0.58938,5.969,0.40485,2.7504,6.6937,0.73505,0,0.54485,0.71974,0
2.945,0,1.973,1.4466,1.3503,0,0.58538,2.4412,0.36381,5.0083,0,0.73007,0,0.50107,1.1914,0
2.955,1.2506,3.7685,1.4368,1.1045,0,0.79946,3.8102,0.47547,2.7133,0,0.54385,4.3105,0.61713,0.9467,0
2.965,0,2.5453,1.4272,0.62689,0,0.21657,4.1286,0.56672,4.4918,0,0.72025,0,0.77116,0.94033,0
2.975,1.2338,2.9744,4.2528,1.0897,0,0.14341,3.4174,0.56291,6.2462,0,0,4.2528,0.70706,0.70051,0
2.985,2.4511,2.9545,1.4081,1.0051,0,0.2849,3.734,0.52187,5.3181,0,0.17766,4.2243,0.74135,0.23194,0
2.995,0,4.1087,0,1.2288,0,0.1415,4.3835,0.59245,2.2011,0,0.7059,0,0.77517,0,0
3.005,1.2093,2.0407,2.7789,1.2206,0,0.42168,1.3398,0.51495,3.0611,0,0.1753,0,0.78927,0.91546,0
3.015,2.4026,2.4616,0,0.9094,0,0.13963,3.9928,0.67596,3.4752,0,0.69656,0,0.6693,0.9094,0
3.025,2.3868,2.4454,1.3711,1.4304,0,0.34677,3.9664,0.6352,5.1784,0,0.17299,0,0.93084,0.4517,0
3.035,1.1855,1.5719,1.3621,0.74788,0,0.27559,2.2985,0.39664,3.4296,0,0.68741,0,0.71712,0.44873,0
3.045,1.1778,3.549,1.3532,1.0402,0,0.34223,2.2835,0.4836,4.6847,0,0.85363,0,0.59993,0.89157,0
3.055,0,2.1155,0,1.0334,1.7551,0.136,1.6204,0.67617,3.8079,0,0.33922,0,0.68914,0.88574,0
3.065,1.1624,3.643,2.6711,1.1,1.7436,0.33778,1.9318,0.61873,2.5221,0,0.84253,4.0067,0.61063,0.87997,0
3.075,1.1549,2.3665,1.3269,0.87426,0,0.13423,0.95962,0.49177,4.5938,6.098,1.0045,0,0.6802,1.53,0
3.085,0,1.9363,6.5915,1.0857,0,0.33341,0,0.80268,1.2447,0,0.83164,3.9549,0.65754,1.52,0
3.095,1.14,3.9849,0,0.93491,1.71,0.39751,0.94726,0.81484,4.9468,0,0.82627,3.9294,0.617,0.21575,0
3.105,2.2653,3.1401,1.3014,1.4291,0,0.13165,0.31372,0.72347,4.915,0,0.49257,0,0.84743,1.2862,0
3.115,1.1254,2.8487,1.293,0.85195,0,0.26162,0.31171,0.94133,2.4417,0,0.97883,0,0.6091,0.85195,0
3.125,0,3.5044,0,1.1992,1.6773,0.4549,0,0.95232,2.0218,0,0.81048,0,0.87222,1.2698,0
3.135,1.1111,2.4107,2.5532,0.84111,0,0.64572,0.30775,0.72659,1.6071,0,0.96639,3.8297,0.74285,1.0514,0
3.145,2.2081,1.5969,2.537,0.97507,1.6561,0.44913,0.30579,1.0914,1.9962,0,0.96025,0,1.0369,0.83577,0
3.155,0,3.3059,2.5209,1.1073,0,0.63756,0.60772,0.76746,3.967,0,1.1132,0,0.66361,0.83048,0
3.165,0,2.628,0,1.3754,0,0.12671,0,0.71288,3.942,0,0.31605,3.7575,0.86766,1.2379,0
3.175,2.1666,3.2643,0,0.75172,0,0.37773,0.30004,0.90609,1.1752,0,0.94219,3.7339,0.72425,0.61504,0
3.185,2.153,3.1141,2.4736,0.88282,0,0.87585,0.29816,1.1296,2.7249,0,0.78023,0,0.71971,1.2224,0
3.195,2.1395,2.5789,1.2291,0.8773,0,0.43519,0,0.91105,3.4815,0,1.0855,0,0.73224,0.40491,0
3.205,1.0631,2.3065,3.6643,1.1401,0,0.18535,0.29445,1.067,3.4598,0,1.0787,0,0.79537,0.60358,0
3.215,1.0565,2.9289,2.4277,0.99972,0,0.55259,0,0.86761,3.0563,0,0.45944,3.6415,1.0259,0.39989,0
3.225,0,2.9108,2.4127,1.0598,1.5749,0.24407,0,0.95804,2.278,0,1.2176,3.619,0.85239,0.39741,0
3.235,2.0869,1.0062,0,0.78992,0,0.60642,0,1.0156,2.264,0,1.3613,0,0.59797,1.5798,0
3.245,0,2.5,1.1915,1.0467,1.5556,0.90403,0,1.0724,0.375,0,1.0523,3.5745,0.95747,1.1776,0
3.255,1.0307,2.9816,2.3684,0.71522,1.546,0.71878,0,1.301,2.6089,0,0.89644,0,0.96801,0.78024,0
3.265,3.0731,2.4695,0,1.2924,0,0.41673,0.85119,1.3242,1.1113,0,0.74247,0,0.70118,0.38773,0
3.275,1.0181,1.8408,3.5093,1.0277,3.0544,0.7692,0.282,1.2542,1.1045,0,1.0331,0,0.53483,0,0
3.285,3.0358,2.0736,2.3253,1.0852,0,0.47048,0,1.1542,1.4637,0,1.3202,0,0.61213,1.7236,0
3.295,0,2.061,4.6225,1.1421,0,0.23381,0,1.1778,0.72742,0,0.87481,3.4668,0.7365,0.95176,0
3.305,0.99974,1.6871,4.5945,0.81988,1.4996,0.3486,0,1.3835,2.8921,0,0.7246,0,0.74797,0.94601,0
3.315,0,2.5153,2.2834,0.87763,0,0.86625,0.55047,1.1485,2.156,0,0.86429,0,0.69601,1.1284,0
3.325,0,1.9049,2.2697,0.74773,0,0.86105,0.27358,1.3219,3.5718,0,1.0023,3.4046,0.66038,0.74773,0
3.335,0,1.6568,1.1281,1.1768,0,0.85589,0,1.2692,3.5504,0,1.1386,0,0.81272,0.37163,0
3.345,0,1.7646,3.364,1.1082,0,0.85078,0.27032,1.1874,2.1175,0,1.2733,0,0.71465,0.73882,0
3.355,0.97016,2.8065,4.4586,0.67322,1.4552,0.56381,0.26871,1.3574,3.859,0,1.4063,3.344,0.8185,0.1836,8.7314
3.365,0.9644,2.0924,1.108,1.0951,0,0.89675,0.53423,1.4373,0.69747,0,0.4194,3.3241,0.73688,0.36503,0
3.375,0.9587,1.9645,3.3044,0.90718,0,0.27857,0.53107,1.4725,1.04,0,1.5287,0,0.53413,0.36287,0
3.385,1.9061,2.757,1.095,0.48097,0,0.60925,0.52794,1.6233,2.0678,0,1.1052,6.5699,0.77371,0.54109,0
3.395,0,2.5124,0,0.77698,0,0.88097,0,1.2823,1.713,0,1.0987,3.2656,0.66359,0.71722,0
3.405,0.94188,1.93,3.2465,0.71301,0,0.8758,0.78263,1.461,2.7247,0,1.2288,0,0.70468,0.89126,0
3.415,0,1.5801,2.1517,0.53163,0,0.76184,0.5187,1.8512,2.3702,0,1.0859,0,0.76018,0.88605,0
3.425,0.93091,1.7953,4.2782,0.93961,1.3964,0.9197,0,1.6281,1.6831,0,0.67472,3.2087,0.94839,1.2332,0
3.435,0.9255,1.1156,1.0633,0.81738,0,0.43028,0.51268,1.5201,1.3387,0,1.0733,0,0.69242,0.17515,0
3.445,0.92013,1.8854,5.2859,0.75459,0,0.69516,1.0194,1.4413,1.6636,0,1.4672,3.1715,0.51265,0.17414,0
3.455,1.8296,1.3232,0,0.63481,0,0.47848,0.76014,1.5164,0.99241,0,0.79566,6.3064,0.77181,1.5582,0
3.465,2.7286,1.206,0,0.91804,0,0.84573,0.50384,1.8673,1.9734,0,2.1095,0,0.82527,0.68853,0
3.475,0.90431,1.417,1.039,0.96981,0,0.78832,1.2524,1.7603,0.98102,0,1.3109,0,0.76295,1.0269,0
3.485,0.89913,1.5173,5.1652,1.021,6.7435,0.47028,0.74711,1.6955,2.6011,0,1.3034,3.0991,0.71564,0.85081,0
3.495,0.89399,0.86206,1.0271,0.67676,2.682,0.5715,0.74284,1.5635,0.96982,0,1.4255,3.0814,0.51231,0.50757,0
3.505,0,1.2857,4.0852,0.6729,1.3333,0.67156,0.49241,1.9466,1.6072,0,1.1597,0,0.77824,0.84113,0
3.515,0,1.0654,2.031,0.89211,1.3258,0.92457,0.48961,1.5592,1.598,4.6669,2.1781,0,0.8301,0.66908,0
3.525,0,1.589,2.0195,0.77617,2.6365,0.81719,0.73025,1.7909,1.9068,0,1.4014,0,0.81141,1.4969,7.9096
3.535,0,1.1587,2.0081,0.82691,1.3108,0.60943,0.72613,1.741,0.316,0,1.1401,3.0121,0.779,0.33077,0
3.545,1.7379,1.3616,0.99837,0.76744,0,1.1615,0.48136,1.9161,0.94266,4.5883,2.1414,2.9951,0.66395,0.82226,0
3.555,0,1.354,0.99276,0.5996,0,1.0043,0.71798,1.9579,1.2498,0,0.87678,2.9783,0.64647,0.65411,0
3.565,0.85923,1.5535,1.9744,0.86726,1.2888,0.44941,0.95194,1.9078,2.4856,0,1.2455,0,0.73859,0.81306,0
3.575,0.85443,1.1329,1.9634,0.64681,0,0.49656,0.94662,2.079,1.2359,0,1.734,0,0.65286,0.1617,0
3.585,0.84967,1.229,2.9286,0.69681,0,0.79006,0,1.7186,0.61449,0,0.86217,2.9286,0.94678,0.3216,7.647
3.595,1.6899,1.0185,0.97079,0.69294,1.2674,0.78567,0.70209,1.6962,1.5277,0,1.2248,0,0.69941,1.1194,0
3.605,0,1.2154,0.96541,1.0071,0,0.97665,0.23273,1.9168,1.5192,0,1.4617,0,0.65541,0.47707,7.5624
3.615,0,1.2087,0.96008,1.0016,0,0.72844,0.23145,2.0587,0.30217,0,1.0902,0,0.65179,0.79072,7.5206
3.625,0,0.90151,0.95479,1.2058,1.2465,1.0142,0.69052,1.6682,0.90151,0,1.3251,0,0.51591,0.62909,0
3.635,0.82646,1.7931,0.94954,0.83418,0,0.4803,0.91563,2.3629,1.7931,0,1.9168,5.6973,0.73673,0.93845,0
3.645,1.6439,1.0898,2.833,0.77776,1.2329,0.90757,1.1383,1.8375,0.89164,0,1.0723,0,0.77194,0.46665,0
3.655,2.4523,1.3794,1.8784,0.87664,1.2262,0.90261,1.132,1.9144,1.478,0,1.8959,2.8175,0.70266,0.1547,0
3.665,0.81298,1.3719,0,0.97444,1.2195,0.37797,0.45035,2.312,0.58796,0,1.4142,0,0.89295,0.46158,7.3168
3.675,1.6171,1.7543,0.92899,1.0201,1.2128,0.84582,0.67186,1.8814,0.87715,0,1.5237,0,0.75939,0.76511,0
3.685,1.6084,0.58159,1.8479,0.6595,1.2063,0.74776,1.1137,2.0913,1.454,0,1.3989,0,0.69127,0.60877,0
3.695,0,0.86768,0.91896,0.80731,0,0.55779,1.3292,2.2624,0.86768,0,2.087,0,0.64934,1.0596,7.1985
3.705,0.79552,1.0548,4.57,0.95351,1.1933,0.73971,1.322,2.2019,1.1507,0,1.8451,0,0.64584,0.75277,0
3.715,0,1.2399,1.8182,0.74872,2.3737,0.45984,0.87662,2.2863,1.7167,0,1.147,5.4545,0.68015,0.29949,0
3.725,0.787,0.94862,0.90421,0.9433,2.361,0.869,0.21798,2.0227,0.56917,0,1.1408,0,0.73914,1.1915,7.083
3.735,1.5656,1.0379,0.89938,0.69135,0,0.77337,1.0841,2.369,1.1323,0,1.4752,2.6981,0.69781,0.88887,7.0451
3.745,0.77862,0.56311,0.89458,0.98237,0,0.85974,0.86263,2.1551,0.28155,0,1.3544,0,0.69408,1.1788,7.0076
3.755,0.77448,0.74682,1.7796,0.53743,2.3234,0.90018,0.64353,2.3792,0.84017,0,1.2349,2.6695,0.76436,1.026,0
3.765,3.0815,1.0214,0.8851,0.77757,1.1556,0.85064,0.42675,2.3665,0.83571,0,1.2284,5.3106,0.95652,1.4579,6.9333
3.775,0.76629,1.016,0.88042,0.53175,2.2989,0.75707,0.84898,2.4706,0.2771,0,2.1105,0,0.90266,0.72511,0
3.785,1.5245,0.8269,2.6273,1.0579,0,1.0632,1.2667,2.2605,0.8269,0,0.77346,5.2546,0.77656,0.57703,0
3.795,0,0.82255,0.87117,0.81316,2.2747,0.52878,0.42003,2.2486,0.82255,4.0037,1.4289,5.227,0.71213,0.86099,0
3.805,1.5085,1.3637,0.86659,0.95163,0,0.83284,1.8802,2.2482,0.27274,0,1.7494,2.5998,0.75641,0.57098,6.7883
3.815,0,0.63307,2.5862,1.1833,0,0.78488,1.0391,2.2136,0.54263,0,1.7402,0,0.71662,0.99398,13.506
3.825,1.4928,0.8097,0.85755,0.61211,0,0.7374,0.41346,1.8616,0.5398,0,1.8393,0,0.77229,0.56502,0
3.835,1.485,0.53699,1.7062,0.74944,0,0.73356,1.2339,2.1793,0.26849,0,1.2916,2.5593,0.80372,1.2647,0
3.845,0,1.2465,2.546,0.51256,0,0.60097,1.6367,1.7411,1.3355,0,2.9981,5.0919,0.88185,0.83874,0
3.855,0,1.1514,0,1.0662,0,0.9822,0.81411,1.6092,0.53143,0,1.9173,0,0.74862,1.5297,0
3.865,0.73102,0.79303,1.6798,0.8762,0,0.80719,0.60742,1.4341,0.26434,0,2.0134,5.0394,0.67493,0.83008,0
3.875,0.72725,0.70128,1.6711,1.1011,0,0.7185,1.8129,1.4931,0.52596,0,1.8976,2.5067,0.71776,0.68817,0
3.885,1.447,0.69767,0,1.278,3.2558,1.0091,1.2024,1.3754,0.26163,3.8203,3.0415,0,0.79469,1.0954,0
3.895,0.7198,0.95438,0.82701,1.1806,1.0797,0.87846,0.19937,1.445,1.0411,0,2.5042,0,0.79061,0.5449,0
3.905,0,0.60423,0.82278,0.76799,1.0742,0.91559,1.1901,1.1108,0.77686,0,1.8685,2.4683,0.83216,0.94869,6.4451
3.915,1.4249,1.2882,0.81858,1.2135,1.0687,0.49686,0,1.2569,0.25763,0,2.8918,0,0.86194,0.94385,0
3.925,0.70884,0.34176,2.4432,0.89433,3.1898,0.94748,0.78533,1.1534,0.25632,0,2.2606,0,0.74472,1.0732,0
3.935,0.70524,1.0201,2.4308,0.71183,2.1157,1.2296,1.172,1.1369,1.0201,3.7238,2.1469,2.4308,0.86443,0.93428,0
3.945,0.70167,0.50746,0,0.97382,0,0.97867,1.3604,0.99239,0.25373,0,1.424,0,0.9159,1.1951,0
3.955,1.3963,0.84149,0.8021,0.66061,1.0472,0.77087,0.38673,1.0829,0,0,1.518,0,0.8446,0.52849,0
3.965,0,0.6698,0,1.0517,1.0419,0.92846,0.96195,0.90846,0.25118,3.6677,2.5173,2.3942,0.81823,0.52583,0
3.975,0.69112,0.41652,2.3822,0.95917,2.0734,0.76313,0.76569,0.98798,0.49983,0,1.6029,0,0.91313,1.0464,0
3.985,0,0.74598,1.5801,0.91098,0,1.039,0.76186,0.82616,0.24866,0,2.3924,0,0.90855,1.3014,0
3.995,0.68422,0.9072,1.5722,1.0791,2.0527,0.91456,0.94756,1.0405,0.24742,3.6128,2.2812,2.3584,0.9149,1.2949,0
4.005,1.3616,0.41031,0,0.64422,0,1.1474,1.32,0.78687,0.24618,0,2.4672,0,0.75861,1.4173,0
4.015,0.67742,0.32661,0.77831,0.76922,1.0161,0.98421,0.37526,0.81386,1.2248,0,2.1604,2.3349,0.90581,1.1538,0
4.025,2.0222,1.2187,0.77445,1.4458,0,0.78346,0.93349,1.0148,0.97497,0,1.368,0,0.98715,1.0205,0
4.035,2.0122,0.8893,2.3118,0.97317,0,0.89652,0.37155,0.90781,0.48507,0,2.3334,0,0.83279,2.031,0
4.045,1.3348,0.80446,0.76681,1.0105,1.0011,1.086,0.92428,0.80183,0.24134,3.5241,1.4512,0,0.91367,1.0105,0
4.055,1.3282,0.3202,0.76303,0.54464,0,0.8491,1.1037,0.71708,0.4803,0,1.8291,0,0.94088,0.8798,0
4.065,1.9826,0.47794,0.75928,0.91717,0,0.96015,1.2813,0.85426,1.1949,0,1.5328,0,0.96782,1.1256,5.9477
4.075,0.65762,1.1097,3.0222,0.91267,0,1.1847,1.0929,0.88008,0.9512,0,1.3346,0,0.82699,0.99564,0
4.085,0.6544,0.63103,2.2556,0.82565,0,0.91274,0.36251,0.86582,0.47327,6.9108,1.2332,0,0.95837,1.8577,0
4.095,0,1.0204,2.2446,1.027,0.97681,0.90829,0.90185,0.8616,0.47096,0,0.75519,0,0.83966,1.3557,0
4.105,0,0.70301,1.4891,1.1038,1.9441,0.82854,1.4359,0.96581,0.23434,3.4218,0.65758,0,0.85621,2.0849,0
4.115,1.2898,0.4664,0,1.1798,0.96734,0.82452,1.7862,0.77479,0.4664,0,1.0283,0,0.85205,0.36614,0
4.125,0.64177,0.38678,0.73735,0.89068,1.9253,1.007,1.422,0.97599,1.1603,0,0.74425,0,0.90922,1.336,0
4.135,1.2773,0.53888,0,1.2087,1.916,0.92792,1.0614,0.88386,0.23095,0,0.92581,0,0.95566,2.0548,0
4.145,0,0.45967,0,1.2029,0,1.2928,0.88022,0.65729,0.45967,3.3561,0.92135,0,1.0522,1.8043,0
4.155,0.63254,0.60995,0,1.0375,0.94881,0.5514,0.52559,0.7407,0,0,1.0086,0,0.81559,1.0774,0
4.165,1.259,0.37939,0,0.95308,0.94426,0.76826,1.5692,0.63184,0.45527,3.3239,0.54751,0,0.94195,1.4296,0
4.175,0,0.67963,0.7198,1.2647,0,0.65536,1.3882,0.71457,0.22654,0,0.90816,0,1.0272,1.897,0
4.185,1.8705,0.67639,2.1491,1.8093,0.93525,1.1233,1.8996,0.85339,0.67639,3.2922,0.63268,0,0.84364,1.652,0
4.195,1.8616,0.44878,1.4259,0.97864,0,1.0097,0.85936,0.88707,0.44878,0,1.2593,0,1.0668,1.879,0
4.205,1.2352,0.89329,1.4191,1.0519,0.92638,0.8255,0.85528,0.72319,0.22332,9.7829,0.7162,0,0.86512,1.4026,0
4.215,0.61466,0.59271,0.7062,1.3959,0,0.89303,1.1917,0.77585,1.1113,3.2455,0.7128,2.1186,0.9393,1.9775,0
4.225,0,0.66364,0.70286,1.2735,1.8353,1.031,1.525,0.79079,0.66364,0,0.88679,0,1.1588,2.4313,0
4.235,0.60887,0.44034,0,1.2291,1.8266,1.2031,0.33728,0.67594,0.44034,0,0.52956,0,0.96922,2.4198,0
4.245,1.212,0.36522,2.0888,1.1086,0.909,1.0565,1.6785,0.70963,0.6574,0,0.70276,0,1.0322,2.1791,5.454
4.255,1.8095,0.79972,0.69299,1.7503,0,1.3671,0.66824,0.55953,0.43621,3.1848,1.1366,0,1.1137,2.0547,0
4.265,0,0.28944,0.68974,1.7421,0,0.97688,0.99766,0.68473,0.21708,0,1.1313,0,1.0894,1.2498,5.403
4.275,0.59752,0.36012,0.68652,1.2062,0.89629,1.1459,1.324,0.83601,0.21607,0,0.43308,0,0.95117,2.1486,0
4.285,1.1895,0.5735,0.68332,0.97548,0.89211,1.106,0.98837,0.79593,0.21506,0,0.94834,0,0.94673,1.3507,0
4.295,0.59197,0.78489,0.68014,1.6805,0.88796,1.2041,0.32792,0.84624,0.64218,0,1.2014,0,1.1591,2.1286,0
4.305,1.1785,0.56818,0.67698,1.4497,0.88384,1.1643,1.4688,0.65414,0.21307,6.2225,1.025,2.0309,1.1068,1.5612,0
4.315,0.5865,0.56555,0,1.4799,0,1.2611,1.462,0.57084,0.21208,3.0968,0.85018,2.0215,1.1203,1.11,0
4.325,1.1676,0.77404,0,1.2153,0,0.98389,1.4553,0.59484,0.63331,0,0.76163,0,1.236,1.9887,0
4.335,1.1622,0.77047,0,1.1731,2.6149,1.2833,1.4486,0.76884,0.42026,0,0.92659,2.0029,1.147,1.5396,0
4.345,0.57843,0.48805,1.3292,1.5326,0.86764,1.1765,0.96126,0.72132,0.62749,0,0.33539,1.9937,1.2799,1.0947,5.2058
4.355,1.7273,0.41641,0.66153,0.90805,1.7273,1.2381,1.1163,0.81433,0.41641,0,1.085,0,1.2465,1.1986,0
4.365,0.57314,0.20725,0,1.1931,1.7194,1.1991,0.95247,0.72344,0.4145,0,0.66465,0,1.1039,0.54234,0
4.375,0.57052,0.68768,1.311,1.7276,0.85578,1.4257,1.7382,0.84161,0.41261,3.0125,0.57892,0,1.2624,1.8355,5.1347
4.385,0.56792,0.753,1.9575,1.039,0.85188,1.5842,1.4157,0.77732,0.82146,0,0.82326,1.9575,1.1029,1.1823,0
4.395,2.2614,0.74958,0.64954,1.2839,1.696,1.2485,1.0961,0.705,0.20443,5.9702,1.0654,3.8972,1.0979,1.4979,5.0881
4.405,0.56278,0.67835,0,1.2071,0.84417,1.0793,1.247,0.7018,0.40701,0,0.89738,0,1.2811,1.4911,0
4.415,0,0.40517,0.64367,1.0249,3.3614,1.0419,2.0172,0.80087,0.20258,5.9163,0.81211,1.931,1.3645,0.8482,0
4.425,0,0.80668,0,1.1962,0.83655,1.102,0.77235,0.7294,0.80668,0,0.64675,1.9223,1.2961,0.94992,0
4.435,1.1104,0.93688,0,1.2959,0,1.3551,1.0764,0.65857,1.2046,8.7946,0.8048,0,1.2991,1.471,0
4.445,1.6581,0.3331,0,1.3598,0,1.1563,0.76541,0.71445,0,0,0.96142,0,1.4077,0.62759,0
4.455,1.6506,0.86217,1.8965,1.2843,1.6506,1.4389,0.76198,0.70287,0.59689,0,0.79759,0,1.4189,1.1454,0
4.465,0,0.39614,0,1.1403,0.82163,1.3688,0.91029,0.65808,0,0,0.87342,1.888,1.491,0.93297,4.9298
4.475,1.0906,0.39437,1.253,1.5136,1.6359,1.331,1.2083,0.68831,0.19719,0,0.86952,0,1.6232,0.72241,4.9078
4.485,0,0.7198,0.62373,1.1302,2.443,1.5775,1.5036,0.6192,0.58893,2.8665,0.94434,0,1.3568,0.92467,0
4.495,1.0809,0.45602,0.62096,1.2274,0.8107,1.1621,0.74848,0.91234,0.58631,0,0.78346,0,1.3507,0.51142,0
4.505,0.53807,0.38914,0.61821,1.2559,0,1.4697,1.0432,0.70372,0.58371,0,0.62399,0,1.439,1.222,0
4.515,1.0714,0.51656,0,1.149,0,1.1519,1.3354,0.74949,0.19371,2.8286,0.85418,1.8464,1.3388,1.3179,4.8212
4.525,1.0666,0.89998,0.61276,1.3794,2.4,1.3328,0.44315,0.6813,0.77141,0,0.69579,0,1.4093,1.1103,0
4.535,1.0619,0.44801,0,1.3063,0.79646,1.3577,1.7648,0.646,0.38401,0,0.7697,0,1.327,0.90439,0
4.545,1.5859,0.38232,0,1.1672,0.79296,1.1367,1.1714,0.77179,0.76464,0,0.76631,0,1.4726,0.90042,0
4.555,0,0.63441,0,1.1953,0,1.0094,0.58311,0.89647,0.95161,0,0.68666,0,1.8767,1.4941,0
4.565,0.52402,0.25265,1.8062,1.0248,0,1.2486,1.1611,0.66941,0.75796,0,0.68365,0,1.5348,1.2892,0
4.575,0.52173,0.81753,0.59943,1.0532,1.5652,1.6676,1.0115,0.61888,0.37732,0,0.68067,0,1.5281,0.88865,0
4.585,0.51946,0.43829,0,1.0159,1.5584,1.117,1.2949,0.82158,0.37568,0,0.3765,0,1.5132,0.68816,0
4.595,1.0344,0.62341,0,1.0767,0.7758,1.3225,1.2893,0.76295,0.56107,0,0.8247,5.3481,1.4984,1.4682,0
4.605,0.51495,0.68277,0,1.072,1.5449,1.1671,0.85578,0.70482,0.18621,0,0.67183,0,1.5903,0.58474,0
4.615,1.0255,0.80342,0,0.80862,0.76909,1.4005,0.99409,0.66278,0.37081,0,1.0405,0,1.6079,0.67924,0
4.625,1.021,0.67688,0,1.2238,3.0631,1.6911,0.98979,0.76085,0.55381,0,0.51802,1.7596,1.4709,0.86954,0
4.635,1.5249,0.85777,0.58402,1.5071,1.5249,1.0044,1.1263,0.65707,0.55143,2.684,0.51579,0,1.6668,0.86579,4.5748
4.645,0.50612,0.85408,0,1.0536,0.75919,1.5295,1.1215,0.71582,0,0,0.66031,0,1.6275,0.6705,0
4.655,0.50395,0.30372,1.158,0.89016,0,1.1422,0.97708,0.73574,0.36446,2.661,0.43831,0,1.2835,1.7167,0
4.665,2.0072,0.66532,1.1531,1.013,0,1.6622,0.83391,0.6868,0.72581,0,0.50918,0,1.6135,1.3295,0
4.675,0.9993,0.42158,0,0.85104,1.4989,1.1325,1.7991,0.76745,0.36135,0,0.86914,0,1.6066,0.85104,0
4.685,1.4926,0.65966,1.7149,0.81602,0.74628,0.89632,0.9646,0.71878,0.89953,2.627,0.64908,0,1.4968,0.75325,0
4.695,0.9908,0.47771,0.56918,1.0001,2.2293,1.4107,1.0977,0.7986,0.35828,0,1.2926,1.7076,1.7507,0.93756,0
4.705,0.4933,0.53514,1.1335,1.1825,0.73995,1.2327,1.3663,0.92274,0.71352,0,0.71508,0,1.7118,0.6535,0
4.715,0.49121,0.59208,1.1287,1.0846,0,1.6272,1.2245,0.8516,0.17762,2.5937,0.56964,1.6931,1.5873,0.65073,4.4209
4.725,0.48913,0.76645,0,0.89483,0.7337,1.2223,1.8967,0.69923,0.53062,0,0.85085,0,1.822,1.0183,4.4022
4.735,0,0.6458,0.55961,0.89106,0,1.6701,1.2142,0.64443,0.17613,0,0.14121,0,1.5119,0.92178,4.3836
4.745,0.97003,0.64308,1.1145,0.79552,1.455,1.0711,1.209,0.69334,1.0523,0,0.98431,0,1.5673,0.64253,0
4.755,1.4489,0.3493,0.55491,1.0055,1.4489,1.7122,0.93641,0.86671,0.17465,0,0.49008,1.6647,1.553,0.73124,4.3468
4.765,1.4429,0.57972,0.55258,1.1529,2.1643,1.5932,1.0657,0.86308,0.52175,2.5395,0.90634,0,1.6078,0.63715,4.3286
4.775,0.95788,0.57729,1.1005,0.69491,1.4368,1.2247,1.0612,0.56084,0.34638,0,0.62484,1.6508,1.6392,0.63448,0
4.785,1.4308,0.74735,0,0.93271,1.4308,1.5799,1.321,0.79785,0.68986,0,0.48396,0,1.359,0.36105,0
4.795,0.94991,0.45799,0,0.56928,1.4249,1.5457,0.92085,0.84509,0.51524,0,0.61964,0,1.4138,0.80897,4.2746
4.805,0.47298,0.5131,0.54342,0.89512,2.1284,0.90708,1.179,0.85596,0.5131,2.4974,0.68563,0,1.4983,0.80561,4.2568
4.815,2.3551,0.45419,1.6235,0.80227,1.413,1.0949,2.4787,0.84525,0.17032,0,1.0924,0,1.3721,0.80227,0
4.825,0.93813,0.33923,0.53893,0.68058,0,1.0359,1.0394,0.81321,0.33923,0,0.47597,0,1.2022,0.88772,4.2216
4.835,1.8685,0.90089,0.5367,0.70724,0,1.5202,0.64691,0.81696,0.50675,0,1.0157,0,1.5467,0.70724,0
4.845,1.3956,1.1215,0,0.76302,2.7912,1.4329,1.2885,0.80651,0.33644,0,0.80922,3.2069,1.2441,0.8804,0
4.855,1.3899,1.1169,1.0646,0.87678,1.3899,1.05,1.0266,0.78206,0.33506,0,0.53726,0,1.0251,0.52607,0
4.865,1.3842,0.61175,0,0.64033,0.69208,1.0725,1.9169,0.88409,0.16684,0,0.66882,0,1.2633,0.61123,4.1525
4.875,0.45949,0.60924,0,1.0145,2.0677,1.7357,1.909,0.87348,1.1631,0,0.8659,0,1.1484,0.8696,4.1354
4.885,0.45761,0.66191,0.52577,0.83718,1.3728,1.2765,1.521,0.86295,0.99286,0,0.66335,3.1546,1.1874,0.60623,4.1185
4.895,0.91149,0.4944,0,0.63251,2.0509,1.2713,1.641,0.88715,0.98881,4.8129,0.72671,1.5709,1.0519,0.69001,4.1017
4.905,1.3617,0.82065,0,0.6013,0,1.2661,1.3829,0.91805,0.16413,0,0.92114,0,1.0404,0.9449,0
4.915,0.45204,0.54488,0,0.99809,1.3561,1.4186,1.0016,0.84557,0.81731,7.1607,0.52422,0,1.065,0.8555,0
4.925,1.3506,0.814,0,0.82363,2.7013,1.3082,0.87288,0.99277,0.3256,0,0.71788,0,0.95316,0.42602,0
4.935,1.3452,0.70261,0.51517,0.8203,0,1.4332,1.6145,0.90692,0.97284,2.3676,0.90997,0,1.0135,0.59401,4.0355
4.945,1.7863,0.91508,0,0.84516,1.3397,1.116,0.98953,0.89647,0.80743,0,1.1005,1.5393,0.95969,0.84516,0
4.955,0,0.4825,2.5551,0.6734,2.6687,1.2666,0.86234,0.87933,0.64334,0,1.1605,1.5331,1.0125,0.6734,0
4.965,0.44299,0.42716,0,0.67069,1.329,1.1842,1.227,0.85558,0.32037,0,1.0917,0,0.88851,0.67069,7.9737
4.975,1.3236,0.58499,0.50692,0.64016,2.6472,1.282,1.0998,0.87898,1.2763,0,0.70353,0,0.9341,1.002,0
4.985,0.43944,0.79452,1.5147,0.69304,0.65916,1.328,0.852,0.91555,0.79452,0,0.3822,0,0.79745,0.49899,0
4.995,0.43768,0.8441,0.50287,0.93876,2.6261,1.3735,0.84859,0.83867,0.63307,2.311,0.44412,3.0172,0.92664,0.74549,0
5.005,0,0.84073,0.50086,0.77001,0.6539,1.3174,0.72446,0.88173,0.94582,2.3018,0.94789,1.5026,1.0062,0.82501,0
5.015,1.7368,0.88972,1.4966,0.9039,1.9539,1.1103,0.72157,1.1093,0.31402,2.2927,0.56647,0,0.91926,1.1504,0
5.025,2.1624,0.83405,0.99376,0.73661,0.64871,1.2064,1.4374,0.89446,0.78192,4.5671,0.75229,0,0.7848,0.49108,0
5.035,1.2923,0.46729,0,0.95108,2.5845,1.0514,0.95447,0.96952,0.46729,0,0.68686,0,0.87769,0.40761,3.8768
5.045,1.7162,1.0343,0.49295,0.70372,0,1.4213,0.83185,0.92001,0.46544,0,0.74633,0,0.95617,0.64959,0
5.055,2.1368,0.66965,0.982,0.86269,1.9231,1.4156,1.302,0.92937,0.61813,2.2565,0.92923,0,0.87756,0.80877,0
5.065,0.42567,0.6157,0.97813,0.59076,0.6385,1.2864,1.2969,0.86097,0.15392,0,0.55534,0,0.83344,0.48335,3.831
5.075,2.9679,0.56217,0.48714,0.93615,1.272,1.1581,1.7615,0.76086,0.76659,6.7163,0.67607,0,0.88415,0.96289,0
5.085,1.267,0.55996,0.97045,1.0124,1.9005,1.0799,0.93579,0.91201,1.6799,0,0.36732,0,0.79328,0.3197,7.6018
5.095,1.6827,1.0141,0.96664,0.58382,1.893,1.1735,1.2817,0.90204,0.76058,2.2212,0.79274,0,0.7433,0.71651,0
5.105,1.2571,0.7071,0.96286,0.52867,2.5141,1.1202,0.92847,0.95586,0.90913,0,0.66815,0,1.0872,0.79301,3.7712
5.115,0.83477,1.0062,1.9182,0.68459,1.8782,1.2856,0.80924,1.06,0.75465,2.2039,0.96806,1.4386,0.85709,0.31596,0
5.125,0.41576,0.45102,1.433,0.9442,3.1182,1.1839,1.1515,0.91048,0.90205,0,1.0848,0,0.85375,0.31473,0
5.135,2.4848,0.7987,0.47582,0.78377,0,1.1071,1.2618,0.94472,0.89854,0,0.96053,1.4275,0.80428,0.31351,0
5.145,0.41253,0.84532,0.47397,0.88482,1.2376,1.0549,1.2569,0.99124,0.5967,0,0.9568,1.4219,0.90623,0.46844,3.7128
5.155,0.41093,0.59439,0.94427,1.0888,1.2328,0.95526,1.0244,0.94991,0.74298,0,1.1914,0,0.8373,0.69993,0
5.165,1.228,0.98681,0.94062,0.74887,0.61401,0.95157,1.2472,0.94623,0.74011,0,1.0681,0,0.96438,0.69722,0
5.175,0.40776,0.73725,0.46849,0.79742,1.2233,0.8768,1.0165,1.0728,0.8847,2.1531,1.3004,1.4055,0.84382,0.30868,0
5.185,0.40619,0.97921,0.46669,0.69185,1.8279,1.1095,1.1251,1.0687,1.3219,0,0.82434,2.8001,0.74358,0.99934,7.3114
5.195,0.40463,0.68281,0.92979,0.68919,3.0347,0.89358,0.89658,1.0276,1.0242,0,0.87982,1.3947,0.99192,0.61262,0
5.205,1.6123,0.87453,0,0.61026,0.60461,0.98385,1.1164,0.98078,1.166,0,0.52587,1.3893,0.85979,0.61026,0
5.215,1.2046,1.1616,1.384,0.68392,1.2046,1.1901,1.1121,0.98924,0.87118,0,0.9895,1.384,0.83732,0.68392,0
5.225,0.79999,1.1571,0.45957,0.80747,1.8,1.1158,0.9971,0.97329,2.025,0,0.75378,1.3787,0.92326,0.8327,7.1999
5.235,0.39847,1.2007,2.2891,0.72898,0.5977,0.94945,1.1037,0.93927,0.86454,2.104,0.7509,0,0.82459,0.90493,0
5.245,0.39695,1.0526,1.8243,0.70116,0.59543,0.71514,0.98951,0.97192,1.1483,0,1.381,0,0.85304,0.75124,3.5726
5.255,2.3727,1.3823,0,0.69849,1.1863,0.91925,1.4239,1.0945,0.85797,4.176,0.91717,0,0.89386,0.44903,3.559
5.265,0,0.66478,1.3578,0.74554,1.7727,0.93866,1.2002,0.98851,1.1396,4.1602,0.79948,4.0735,0.77132,0.52188,0
5.275,0.7849,0.99339,0.4509,0.76748,0,0.88949,1.3044,1.0265,1.1353,0,0.73956,0,0.89335,0.44563,0
5.285,0.39097,1.131,0.89839,0.61659,0.58645,0.81796,1.2995,1.1,1.6965,4.1288,0.90678,0,0.70948,0.66592,3.5187
5.295,0,1.4554,0.895,0.68798,2.3369,0.79224,0.75515,1.0129,1.2676,0,0.95982,0,0.81841,0.81083,0
5.305,1.1641,1.0757,0.89163,0.90569,1.1641,0.8118,0.75231,1.074,1.4031,0,1.0687,2.6749,0.89562,0.66091,0
5.315,1.5463,1.3047,0.88828,0.75597,0.57985,1.1233,1.1778,1.1111,1.5376,4.0823,1.0647,2.6648,0.77534,0.43895,0
5.325,2.6958,1.1605,0.88494,0.92319,0.57767,0.73857,0.53334,0.98393,1.3926,0,0.83739,0,0.86439,0.29153,0
5.335,1.151,0.83243,0,1.065,0.57551,0.7804,0.95641,0.98024,0.41621,0,0.6674,0,0.92222,0.87133,0
5.345,0.76447,0.92146,0,0.65105,1.7201,0.77749,1.0587,1.0812,0.82932,0,1.0528,2.635,0.80317,0.65105,0
5.355,0.38081,1.1016,0.43753,0.86483,1.7136,0.77458,1.3712,1.0366,1.6524,0,1.104,0,0.83048,0.57655,0
5.365,2.2764,1.0975,0.8718,0.98128,0.56909,0.99219,1.261,0.99239,0.96034,0,0.93494,0,0.89382,0.71801,0
5.375,0.37798,0.50116,0.86855,0.85841,0.56697,0.74686,1.361,1.1037,1.5035,0,0.93146,1.3028,0.79423,0.78687,0
5.385,1.5063,0.95322,0.86533,0.80771,0.56487,0.76598,1.2516,1.0137,1.4979,0,0.87342,2.596,0.85123,0.64142,0
5.395,3.0015,1.2662,0.43106,0.5207,3.9394,0.61051,0.93525,1.0556,1.3567,0,1.0877,0,0.75849,0.56804,0
5.405,1.4952,0.63078,0.85894,0.84891,3.9249,0.78204,1.2424,1.1995,0.81101,1.9737,1.1379,0,0.86874,0.84891,0
5.415,1.8621,0.89779,0.42789,0.7283,1.1173,0.62765,0.92836,1.0534,1.616,0,1.0797,1.2837,0.84775,0.84577,0
5.425,1.4842,0.98394,0.42631,0.70221,2.7829,0.79785,0.92494,1.0665,1.6101,1.9592,1.5598,1.2789,0.89188,0.77244,0
5.435,2.2181,1.2031,0.84948,0.8862,0.55452,1.0098,0.61436,1.1525,1.4705,0,0.91101,0,0.7356,1.0494,3.3271
5.445,3.3149,1.5095,1.6927,0.81324,2.21,0.74919,0.71412,1.1819,1.4651,3.8897,0.80088,1.2695,0.74462,0.62736,6.6299
5.455,1.4679,1.1501,0.84327,0.74081,0.55047,0.68246,1.1181,1.0269,1.5924,1.9377,1.2767,2.5298,0.90546,0.76396,3.3028
5.465,0.73127,1.1899,2.1005,0.8073,1.0969,0.67997,0.60763,1.0899,1.1899,1.9306,1.113,3.7808,0.95453,0.96876,0
5.475,1.4572,1.01,1.2557,0.94224,1.0929,0.71983,1.009,1.1579,1.0539,0,1.2146,0,0.86406,0.75839,3.2787
5.485,2.5408,1.575,0.83407,0.54955,2.1778,0.7594,0.40214,1.104,1.7063,0,0.99971,2.5022,0.75691,0.27477,6.5335
5.495,0.72331,1.177,1.6621,0.63881,2.1699,0.58849,0.70118,1.056,1.3078,1.9096,1.5203,2.4931,0.81749,0.88977,3.2549
5.505,1.4414,1.1727,0.41401,0.86381,1.081,0.54448,1.0979,1.0357,1.303,1.9027,0.99246,2.4841,0.74569,1.0911,0
5.515,1.0771,0.69243,0.41251,0.81538,0.53855,1.1476,0.69611,1.1193,2.2071,0,1.197,1.2375,0.94302,0.81538,3.2313
5.525,0.71547,1.3367,0,0.7673,2.683,0.49896,0.89176,1.1262,1.2936,1.8889,1.089,2.4661,0.83141,0.81243,0
5.535,1.4258,1.0741,1.6381,0.6521,2.6733,0.64216,0.78981,1.057,1.2889,0,1.0334,4.9144,0.87948,0.74204,0
5.545,1.0655,1.4127,1.2242,0.8962,1.0655,0.57793,0.59023,1.1451,1.798,1.8753,1.1326,2.4483,0.76889,1.0082,3.1964
5.555,1.7694,1.5356,1.2198,0.71438,0,0.61698,0.98017,1.0656,1.2797,5.6057,1.026,1.2198,0.79429,0.93763,0
5.565,0.35261,1.2751,1.6205,0.88977,1.0578,0.69674,0.97665,1.2387,2.0401,0,1.2267,0,0.84196,0.73406,3.1735
5.575,1.4054,1.3976,0.80735,0.95307,1.5811,0.67382,0.77852,1.1221,1.5246,0,1.0186,2.4221,0.79979,0.73143,0
5.585,1.7505,1.3926,1.2067,0.88341,1.5754,0.79348,0.67877,1.15,1.3926,0,0.76124,3.6201,0.85265,0.79507,0
5.595,0.69768,1.2614,1.6032,0.79223,1.5698,0.91229,0.77296,1.1777,1.2614,1.842,1.1125,1.2024,0.78853,1.1883,0
5.605,1.0428,1.1731,0,0.98676,1.0428,0.94944,0.67393,1.1788,0.75416,0,1.3605,1.1981,0.89085,1.1841,0
5.615,1.0391,1.2525,0.79589,1.158,1.5586,0.56361,0.38373,1.1852,1.8787,0,1.1548,2.3877,0.82703,0.3933,0
5.625,1.0354,0.99841,0.79307,0.95798,2.5885,0.8023,0.57356,1.1232,1.872,1.8224,0.65039,1.1896,0.84057,0.71848,0
5.635,0.68781,1.1192,2.7659,0.71594,0.51586,0.71951,0.66678,1.114,1.8654,0,0.74779,1.1854,0.70073,0.91119,3.0952
5.645,1.0281,1.5283,0.78746,1.1025,0.51403,0.69704,0.75933,1.1882,1.8588,0,1.2419,1.1812,0.83463,0.64855,3.0842
5.655,1.0244,1.5229,1.177,0.86167,4.61,0.77396,0.56749,1.1581,0.24696,0,1.0395,1.177,0.92952,1.3571,0
5.665,1.3611,1.3125,1.1729,0.68691,2.0416,0.65258,1.0367,1.1436,1.7226,1.7967,1.2825,1.1729,0.79083,0.64398,0
5.675,2.3735,1.7574,0.38958,0.59893,1.5258,0.7094,0.65741,1.088,1.3487,1.7904,1.3763,0,0.83662,0.89839,3.0517
5.685,1.6894,1.5884,0.38821,0.93786,1.0137,0.47127,1.0294,1.2898,1.2218,0,0.88163,2.3292,0.91436,0.76734,0
5.695,0.6734,1.0552,0.77369,0.82837,1.0101,0.74356,1.1191,1.106,0.97402,3.5557,0.92734,1.1605,0.87363,0.38233,0
5.705,1.6776,0.97061,0,0.8043,1.5098,0.56547,0.83638,1.2603,0.84928,1.7716,1.2159,0,0.84921,1.0795,0
5.715,1.3374,1.2493,1.1524,0.88586,0,0.66064,0.46303,1.2407,1.4508,0,1.2601,1.1524,0.72383,1.2655,0
5.725,0,1.2048,0.7656,0.94582,0.99954,0.91005,0.64598,1.1907,1.4458,3.5185,0.82105,0,0.93345,0.88277,0
5.735,0.66404,0.84042,1.9073,0.92158,0.49803,0.96477,0.27588,1.232,1.2006,0,1.2514,1.1444,0.77692,1.0054,5.9763
5.745,1.6543,1.5155,1.5206,0.96012,0.49629,0.94218,1.0081,1.1623,0.8375,3.4941,1.295,1.1404,0.73735,1.3149,0
5.755,0.98914,1.1525,0.37882,0.93599,0.98914,0.76646,0.82191,1.2084,1.073,3.4819,1.0993,1.1365,0.89225,0.62399,0
5.765,0.98571,1.4654,1.51,1.0571,1.4786,0.85928,0.54604,1.1043,1.5446,0,0.95259,1.1325,0.83685,1.1193,0
5.775,0.65487,1.3814,2.2572,1.1567,0,0.93242,0.54415,1.3096,1.3024,0,1.0917,3.3858,0.96948,0.86755,0
5.785,0.3263,1.1013,1.1247,1.2145,2.4473,0.79646,0.90378,1.32,0.70796,1.723,1.5136,1.1247,0.85705,1.3586,5.8735
5.795,1.3007,1.0583,0.74722,1.0257,0.48777,0.77481,0.90066,1.1869,1.411,0,1.367,0,0.80751,1.2308,0
5.805,0.64812,1.2499,2.6063,0.98126,1.4583,0.60265,0.71805,1.2518,2.1093,0,1.1744,0,0.83052,1.1652,0
5.815,2.5836,1.4792,1.4842,0.97789,0,0.60058,0.53669,1.0019,1.051,3.4104,0.84265,1.1131,0.82767,1.1001,2.9065
5.825,1.2873,1.3965,3.3279,1.137,1.931,0.80426,0.44571,1.2138,1.0474,1.6994,0.93307,2.2186,0.81458,1.0354,0
5.835,0.96221,1.1598,1.1055,0.99143,2.4055,0.96926,0.17767,1.2731,1.1598,1.6936,1.0694,2.211,0.80158,0.7284,0
5.845,2.2375,1.387,1.1017,0.86706,0,0.96595,0.79679,1.1861,1.1558,0,1.0657,2.2035,0.95657,0.84689,0
5.855,1.2742,1.4975,1.098,1.045,3.3448,0.62943,1.0588,1.1045,0.92151,1.682,1.2006,0,0.87724,1.0249,2.8669
5.865,1.2698,1.7985,1.0942,1.0214,0.95239,0.84868,0.79136,1.2601,1.148,1.6763,1.0584,3.2827,0.86415,0.96129,0
5.875,1.2655,1.2585,0.72701,0.89814,0.94915,0.9745,1.4021,1.1644,1.3729,1.6706,0.7338,1.0905,0.83603,1.2574,0
5.885,0.31531,1.2542,0.36227,1.0542,1.8918,0.97119,0.61133,1.2276,1.3682,1.6649,1.3712,3.2604,0.93859,0.89509,0
5.895,0.94272,1.4015,1.8052,0.83259,0.94272,0.89485,0.52222,1.2282,1.1363,0,1.2299,0,0.87038,0.71365,0
5.905,1.5659,0.79273,1.7991,1.1261,1.8791,0.80082,1.7348,1.0716,1.1325,0,1.0441,1.0795,0.95219,1.2447,0
5.915,1.2485,1.4296,0.3586,0.72852,1.4045,0.90694,0.60514,1.0585,0.56432,1.6481,1.3573,2.1516,0.87444,1.0042,0
5.925,1.5553,0.97486,1.0722,0.98116,0.4666,0.77734,0.86158,1.2631,0.78738,0,1.0371,2.1444,0.9012,1.2951,0
5.935,0,1.1584,0.71238,1.017,0.93005,0.91886,1.0304,1.2258,0.89684,0,1.1684,1.0686,1.066,1.2321,0
5.945,2.4718,0.59588,1.775,0.74068,1.3904,0.91577,0.85579,1.1794,0.67037,0,1.3885,1.065,0.97876,0.87712,0
5.955,1.5397,1.0022,2.1228,1.185,0,0.94849,0.76762,1.1801,0.77947,1.626,0.75886,0,0.87254,0.99073,8.3144
5.965,0.92072,1.2208,1.4105,1.0649,0.92072,0.90964,1.1051,1.1948,0.77686,0,0.97876,0,0.85984,1.4521,0
5.975,0.91764,1.5854,0.70288,1.0227,1.8353,0.99548,1.0167,1.0978,0.99548,1.6151,1.0198,0,0.86671,0.98411,0
5.985,1.5243,1.1391,1.4011,1.0577,1.3719,0.90357,0.75995,1.1127,1.1024,0,1.0164,1.0508,0.85411,0.80774,0
5.995,1.2154,1.0987,0.69819,0.74754,0.91153,0.93587,0.84157,1.0397,1.3185,1.6044,1.3213,1.0473,1.1463,0.86255,0
6.005,1.2113,0.94905,1.3917,1.1271,3.634,1.1088,1.2582,1.0777,0.98556,0,1.3608,2.0876,0.9593,0.74505,5.451
6.015,0.30183,1.055,1.0403,1.0663,0.45274,0.96474,0.83599,1.1888,1.0914,0,1.0938,4.1613,0.94651,0.91394,5.4329
6.025,1.5041,0.68894,1.7281,1.2145,1.805,0.68182,1.0832,1.13,0.76146,0,1.0466,1.0369,0.89069,1.1956,2.7074
6.035,1.4991,0.9035,1.3779,1.0592,1.799,0.95836,0.74741,1.0305,0.5421,0,1.5647,1.0335,0.97842,1.2484,0
6.045,1.4942,0.79245,0.68669,0.9426,0.89651,1.0247,0.91048,1.2089,1.0806,0,0.73643,2.0601,1.0418,1.2442,0
6.055,1.1914,1.113,2.3955,1.0334,0.89355,1.004,0.82498,1.0645,1.9387,1.5727,1.2521,2.0533,0.94827,1.1274,0
6.065,0.59374,1.2524,1.0233,1.0675,0.44531,0.89714,0.57558,1.1693,0.8588,0,1.4201,0,0.98767,1.7417,2.6718
6.075,0.59179,1.07,0.67993,1.1946,0.88768,0.8598,0.7376,1.161,1.177,0,1.3726,2.0398,0.80544,1.176,0
6.085,1.1797,1.0309,2.0331,1.0233,0.88477,1.0455,1.1436,1.1706,0.85317,0,1.1115,0,1.0047,0.78141,0
6.095,1.4698,1.0984,1.0132,1.2054,0.88186,0.7175,1.1399,0.96561,1.2756,0,1.0653,0,1.0201,0.89011,0
6.105,1.172,0.95353,1.6831,0.97961,0.43949,0.78326,1.055,1.1006,1.0595,0,1.2317,1.0099,0.87216,0.5545,0
6.115,0.29204,0.84482,0.33553,1.0501,1.7522,1.0692,0.88975,0.99039,0.52801,0,0.97366,1.0066,1.0413,1.3264,0
6.125,2.0376,1.228,2.341,1.267,2.1831,0.91348,0.7256,1.1996,0.94732,0,1.0549,1.0033,0.91745,1.267,0
6.135,1.1605,1.4688,0.33335,0.80533,1.7408,0.91051,1.125,1.0766,1.0491,1.532,1.3879,1,0.94679,1.3178,0
6.145,1.7351,1.0457,0.66452,0.93041,1.3014,0.90755,0.80099,1.1083,1.0457,1.527,1.5511,0.99679,0.9253,1.6419,2.6027
6.155,1.4413,0.97285,0.99355,1.2365,0,1.0554,1.1976,1.0345,0.93811,0,1.0028,1.9871,0.89935,1.4184,0
6.165,1.1493,0.8658,0.99033,1.0875,0.43098,0.85158,0.71622,1.0443,1.1429,0,0.99958,1.9807,0.9376,1.5225,0
6.175,1.1456,1.0701,0.65808,1.2647,0,0.96533,0.87255,1.0366,1.0356,1.5122,1.287,0,0.98927,1.4092,0
6.185,0.57092,1.2043,0.65596,0.97244,2.141,1.0286,0.94879,1.0202,0.61935,0,1.0345,0,1.0179,1.1345,5.1383
6.195,0.85362,0.58306,0.65384,0.8616,0.85362,1.1741,0.63049,1.1078,1.4405,1.5024,1.0724,0.98076,0.99195,1.0232,0
6.205,1.9854,0.88886,0.65173,1.1272,1.2763,0.82415,1.0212,1.0309,1.0256,0,0.98674,1.9552,0.95715,1.1272,0
6.215,1.1309,0.95416,0.64964,0.74906,1.2722,0.93651,0.93966,0.88568,0.81785,0,1.1475,1.9489,0.99458,1.2306,0
6.225,1.9726,0.71332,1.6189,0.99554,0.42271,1.0809,1.0147,0.81427,0.40761,0,1.1847,0.97133,0.96447,1.0133,0
6.235,1.4045,1.3544,0.64548,1.1164,0.84271,0.83256,0.85583,0.96545,0.50788,1.4832,0.69223,0.96822,1.0732,0.90374,0
6.245,0.28,0.84376,0.32171,1.0068,0,1.1065,1.2409,0.97088,0.30375,0,1.4206,0,1.1188,1.3248,2.52
6.255,0.83733,0.77378,1.9241,0.98601,0.41866,1.1841,0.77306,0.91684,1.2111,0,1.3352,1.9241,1.0263,1.0564,2.512
6.265,1.6693,0.87192,0.95897,1.0706,1.252,0.71143,1.1559,0.94353,0.90545,0,1.3712,1.9179,0.93005,0.7898,2.504
6.275,0.27733,0.90257,0.63727,0.92725,0.832,1.0154,1.0754,0.93631,0.702,1.4644,1.005,0,1.0993,1.2072,2.496
6.285,1.6587,0.93302,0.31762,1.3603,1.244,1.0925,0.91884,0.87027,1.0996,0,1.0019,0.95287,0.91974,1.308,4.9761
6.295,0.55115,0.86363,0.94985,1.1995,1.2401,0.81677,0.76327,0.98485,0.79719,0,1.0786,0.94985,0.99578,1.4081,0
6.305,1.9229,1.2582,1.8937,1.1957,1.2361,0.87804,1.1413,0.99426,0.79467,0,0.91587,1.8937,0.99262,0.8318,0
6.315,0.54766,1.0562,0.62923,1.1574,0.82149,0.87526,0.60675,0.8412,0.89117,2.8918,1.1114,0,1.0985,1.451,0
6.325,1.9108,0.95416,0.94086,1.3431,0.40945,1.0946,0.52923,1.0046,0.78965,0,1.2662,0.94086,1.0168,0.82655,0
6.335,0.54421,0.91835,0.62526,1.2016,1.2245,1.1228,0.75366,0.84003,1.2791,0,1.0255,3.7516,1.0525,1.2359,2.4489
6.345,1.3562,1.3078,0.93494,1.078,1.2206,0.88276,0.90155,0.97352,0.58851,1.4322,0.82571,0.93494,1.019,1.078,0
6.355,0.81118,1.0755,0.932,1.4158,0.81118,0.84856,0.52425,0.92522,0.58666,1.4277,1.1367,0,1.0373,1.3817,2.4335
6.365,2.6955,0.9422,1.2388,1.1563,0.40432,0.7989,0.59726,0.85673,1.3646,1.4233,1.1331,0,1.1499,1.0713,0
6.375,0.5374,1.0364,2.161,1.1018,0.40305,0.93694,1.0419,0.87447,0.38866,1.4188,0.97376,1.8523,0.95811,1.5764,0
6.385,0.53572,1.0655,1.8465,1.0814,0.80358,1.1831,1.0387,0.92877,1.1623,0,1.126,1.8465,1.1214,1.2673,0
6.395,1.3351,0.83683,1.534,1.1118,0.40053,1.0707,0.8875,0.90556,0.38623,0,0.85156,0,1.0159,1.1118,0
6.405,1.8633,1.0909,1.5292,1.4106,1.1979,1.0365,1.3271,0.91488,0.77005,1.4055,1.119,0.9175,0.95339,1.1083,0
6.415,0.79608,0.92757,0.60976,0.98766,0.39804,1.2183,0.80848,0.80307,1.0555,0,1.0771,0.91464,1.0814,1.2053,2.3882
6.425,1.5872,1.1479,0.9118,1.1014,0.7936,1.1223,0.51289,0.8931,0.76526,1.3968,0.92032,2.7354,1.1454,1.0013,0
6.435,1.3186,0.98539,0.60598,1.1146,1.1867,0.9502,1.68,0.91439,0.57216,0,0.80278,0.90897,0.95292,1.647,0
6.445,0.52579,0.57039,1.2082,1.2936,0.39434,0.99309,0.65534,0.86358,1.0457,0,0.87651,2.7184,0.97508,1.3433,0
6.455,0.26208,0.91611,0,1.3723,0.78624,1.0052,0.7259,0.88083,0.75816,0,0.8358,0.90334,0.99292,0.94239,2.3587
6.465,0.52254,1.1337,1.5009,1.2526,0.78381,1.2451,0.94075,0.79467,1.2282,1.3796,1.0605,1.8011,1.0273,1.1373,2.3514
6.475,0.78139,0.78488,0,1.3802,0.3907,0.92336,1.4428,0.7328,1.036,0,0.83065,1.7955,1.1195,0.98587,2.3442
6.485,0.77899,0.87636,0.59667,1.0647,0.38949,1.162,1.7261,0.95563,1.2206,0,0.79045,0,1.1615,1.376,0
6.495,0.51773,1.0609,3.2716,1.2084,0.38829,0.96281,0.86038,0.86608,0.84246,1.3669,1.0132,1.7845,1.0302,1.3717,2.3298
6.505,1.0323,0.83987,1.779,1.4489,0.3871,1.0198,0.71478,0.85165,0.83987,0,0.97264,0,1.1626,1.3187,0
6.515,1.0291,0.62022,1.478,1.1199,0.77183,1.0466,0.85511,0.9312,0.8373,1.3585,0.89507,1.7736,1.1549,1.3633,0
6.525,0.51298,0.86565,1.1788,1.1973,1.1542,1.1627,1.2077,0.83083,1.2057,2.7086,0.74361,0,1.0983,1.165,0
6.535,1.2785,1.3253,2.0565,1.0324,0.38356,1.1888,1.0624,0.87495,0.92464,2.7003,1.3344,0.88136,1.038,0.91946,0
6.545,0.25492,0.89109,0.58578,1.3187,0.38238,1.1408,1.2003,0.83739,1.1984,0,1.0347,0,0.99014,1.1096,0
6.555,1.0166,1.0722,0.87599,1.2505,0.38122,1.2259,1.1967,0.773,0.64331,2.6839,0.77366,0.87599,1.1004,1.2986,0
6.565,0.25337,1.3438,1.1644,1.0389,0,0.95711,1.3334,0.80918,0.91621,1.3379,0.99167,1.7467,1.1213,1.2467,0
6.575,0.5052,1.0657,0.87067,1.1314,1.5156,0.89548,1.3293,0.89123,0.54806,0,1.2084,0,1.1621,1.482,0
6.585,0.50367,0.8803,0.86803,1.3345,0,1.1123,1.116,0.87704,0.81959,2.6595,0.58409,0.86803,1.0984,0.95321,2.2665
6.595,0.75322,1.2105,1.4423,1.1404,0.75322,0.80251,1.1822,0.89347,0.99868,0,0.8007,1.7308,1.199,1.2354,0
6.605,1.0013,0.90515,0.28759,1.3264,0.75094,1.1347,0.97063,0.81083,1.0862,2.6434,1.016,0,1.028,1.3264,0
6.615,0.49911,0.87233,1.1469,0.97607,0.74867,1.2908,0.89857,0.81976,0.90241,0,0.83204,0.86017,1.0448,1.2752,0
6.625,0.74641,0.92968,0.85758,1.2556,1.4928,1.2146,0.75804,0.86648,0.98966,0,0.79346,0,1.0456,0.84756,0
6.635,0.49611,1.1063,0.85499,0.86065,1.4883,1.2253,1.168,0.90536,0.98668,1.3098,0.61128,0.85499,1.1925,1.1736,0
6.645,1.7312,0.65581,0.85242,1.3417,0.37096,1.1354,1.1645,0.86127,0.98371,0,0.64529,1.7048,1.1141,1.4977,0
6.655,1.4794,1.0699,0.84986,1.1355,0.7397,1.1177,0.8878,0.89243,0.71328,1.3019,1.0723,0,1.0637,1.1199,0
6.665,1.2291,0.88892,0.56488,1.1786,0.73748,1.1143,1.2937,0.78882,0.71114,0,0.64143,0,1.127,1.6283,0
6.675,0.73527,0.88626,0.84478,1.2369,0.36764,1.0825,1.2219,0.88336,0.62038,1.2941,0.85267,0,1.108,1.206,0
6.685,0.73307,1.0603,1.4038,1.3103,0.36654,1.2213,1.0829,0.89559,1.1487,0,0.60217,0.84225,1.0736,0.97115,2.1992
6.695,1.2181,0.85161,0.27991,1.1219,0.36544,0.90615,1.0797,0.86698,1.0572,1.2864,0.95354,1.6795,1.1712,1.291,0
6.705,1.2145,1.1419,1.9536,1.4404,1.4574,1.0446,1.4128,0.89764,1.054,1.2826,0.95069,1.6745,1.0363,1.1952,0
6.715,0.24218,0.90493,1.3912,0.8861,1.0898,1.0556,1.4757,0.92443,0.61302,0,1.0181,1.6695,1.091,1.2375,0
6.725,0.72438,0.87313,0.55484,0.9901,0.72438,1.0384,1.0032,0.91801,1.5716,0,0.98005,0,1.18,1.8279,0
6.735,0.96297,1.0156,0.2766,1.3668,0.36111,1.0913,0.80016,0.88966,1.3058,1.2712,0.90734,0,1.05,1.2301,0
6.745,1.4402,0.8969,1.6547,1.2719,1.4402,1.0323,0.79779,0.89068,1.2151,1.2674,0.86986,0,1.2571,0.90852,0
6.755,0.95728,0.77886,0,1.1927,1.4359,1.1544,1.1931,0.87712,0.8654,0,0.97136,0.82489,1.1505,1.087,2.1539
6.765,0.95445,0.57523,0.5483,1.2193,1.4317,0.94296,0.72699,0.83824,1.1217,1.2599,0.76096,0,1.1699,0.858,0
6.775,0.71372,1.0037,1.64,1.1406,0.71372,1.1199,1.5156,0.85748,0.94632,2.5124,1.1036,0.82002,1.0604,1.0806,2.1412
6.785,0.94883,1.1437,0.81761,1.0176,0,1.2407,0.85411,1.0065,1.1151,1.2525,1.1347,0.81761,1.0686,1.0774,0
6.795,0.47302,0.99778,0.8152,1.0593,2.8381,1.2508,1.3101,0.8992,1.3684,1.2488,1.0285,0.8152,0.99392,1.0742,0
6.805,0.94326,0.8243,2.1675,0.98183,1.0612,1.0004,1.1757,0.97904,1.0233,0,0.85459,0.81281,1.1074,1.3835,0
6.815,1.1756,0.82188,1.6209,1.2311,0.35269,1.0795,1.563,0.95829,1.1903,3.7245,1.1588,3.2417,1.2014,1.1569,0
6.825,0.70331,0.93251,1.0774,1.1683,0.70331,1.1172,1.0389,0.85922,0.59341,1.2379,0.57772,1.6161,1.1793,1.0648,0
6.835,0.70125,0.84526,0.80569,1.047,1.0519,1.2226,0.71217,0.81761,1.0988,0,0.91487,0,1.1386,1.1502,2.1037
6.845,1.1653,0.87088,0.80334,1.0439,0.6992,0.83978,0.8392,0.88965,0.75851,4.9226,0.60813,1.6067,1.0982,1.2791,0
6.855,1.3943,0.81232,1.068,1.1875,1.0457,1.391,1.8022,0.89059,0.92436,0,0.87586,1.602,1.1468,0.83562,0
6.865,0.69513,0.89374,0.79866,1.1255,0.69513,1.1715,1.1552,0.93029,1.0055,2.447,0.6046,0.79866,1.1582,1.3156,2.0854
6.875,0.69311,0.97469,0.5309,1.1368,1.3862,1.0741,1.2798,0.99434,0.58481,1.2199,0.90426,2.389,1.1695,1.1368,0
6.885,0.6911,0.94409,1.0587,1.0609,1.0367,1.0309,1.5313,0.91088,1.0829,2.4328,0.90163,1.5881,1.0268,1.0463,0
6.895,0.6891,0.80292,0.26391,0.85493,0,1.0813,1.6541,0.83139,1.2459,1.2129,0.79913,1.5835,1.1152,1.1737,2.0673
6.905,0.6871,0.93863,1.5789,0.79466,1.3742,1.2512,1.0784,0.85684,1.2423,2.4187,0.92962,0.78944,1.2031,0.86691,2.0613
6.915,0.68512,0.79828,1.5743,1.2822,1.7128,1.1812,1.1386,0.98634,0.90839,1.2059,1.0594,0.78716,1.1342,0.8644,0
6.925,0.68314,1.1254,1.0465,1.063,1.0247,0.99252,1.5137,0.97657,1.2351,1.2024,1.3534,0,1.1309,0.86191,2.0494
6.935,1.5894,0.93053,0.78262,1.0313,1.0218,1.1744,1.3207,1.0083,0.73895,1.1989,0.59245,0,1.1602,1.3321,0
6.945,1.5848,0.70953,1.0405,1.0712,0.33961,1.2368,1.066,0.94341,0.98243,3.5864,0.82048,1.5607,1.0848,1.2426,0
6.955,1.5803,1.0068,1.2969,1.1536,0.67726,1.2464,1.1255,0.90293,1.2245,2.3841,0.94903,0,1.0386,0.51269,0
6.965,0.45021,0.94966,0.51726,0.89464,0.33766,1.1905,1.1223,0.91746,0.9768,1.1886,0.75052,0,1.0929,0.93724,2.0259
6.975,0.44892,0.94694,1.0316,1.147,1.0101,0.99139,1.1812,0.908,0.81166,1.1852,1.269,3.0947,0.99331,1.147,0
6.985,2.2382,0.80934,0.77146,0.97424,0.33573,0.85848,1.4878,0.97008,0.89028,3.5454,0.876,2.3144,1.1401,0.63537,2.0144
6.995,0.89271,0.83393,1.7949,0.90106,0.33477,1.1933,0.43271,0.97409,1.0491,3.5353,1.0676,0.76925,1.1226,1.3516,0
7.005,0.22254,1.073,0.76706,1.2635,1.6691,1.0217,0.92458,0.82917,1.2876,2.3501,1.4839,0,1.0876,1.0108,0
7.015,0.88763,1.1502,0,1.0919,0.66572,1.0188,1.598,0.9213,0.80243,3.5152,1.1902,0.76487,1.0491,1.0919,3.9943
7.025,1.1064,1.0935,0.7627,0.87942,0,1.1059,1.1032,0.9557,0.80015,1.1684,0.8019,1.5254,1.0144,1.1726,0
7.035,1.7652,1.4362,2.0281,1.0996,0.66194,0.91044,1.2223,0.84896,1.0372,1.1651,0.92756,0.76053,1.1521,0.96044,0
7.045,0,0.9017,0.50558,1.2214,0.33003,1.2403,1.036,0.93689,0.71605,0,0.79736,1.5167,1.0647,1.0826,0
7.055,1.3164,1.1107,0.75623,0.98268,0.3291,1.173,1.3977,0.89086,0.95203,1.1585,0.69969,0,1.1211,1.038,1.9746
7.065,0.65633,0.84386,0.75409,1.0213,0.32817,1.2587,0.90894,0.95156,1.3449,1.1552,0.82456,0.75409,1.1423,0.9937,0
7.075,1.7453,1.2096,1.5039,1.0322,0.65448,0.98892,0.84595,0.94555,1.2622,2.3039,0.85386,0.75196,1.1286,1.0735,1.9634
7.085,0.65263,1.18,0.99978,1.0979,0.97895,1.1126,1.2051,0.96274,0.86532,3.446,1.1668,0,1.1428,1.1116,0
7.095,0.43386,0.88903,0.99696,1.0948,0.97619,1.2607,1.2618,1.0557,0.86289,1.1454,0.91194,0.74772,1.1534,0.86215,0
7.105,0.86529,0.73009,0.49708,0.9689,0.32448,1.3703,0.83882,0.94087,1.0169,0,0.94073,2.2369,1.0296,0.73691,0
7.115,0.86286,1.0921,0.49568,1.0887,0.32357,1.0405,0.95596,1.0793,1.014,1.139,0.7192,0,1.092,1.0206,0
7.125,0.43022,1.1927,0.98859,0.97704,0.64533,1.0876,0.8937,0.91597,0.93342,1.1358,0.93546,0.74144,1.1129,0.97704,0
7.135,0.85803,1.0601,1.7252,0.90664,0.96528,1.1843,1.3071,0.9395,1.6289,2.2653,0.83956,0,0.97658,0.69013,0
7.145,0.85563,1.1345,0.24576,1.12,0.64172,1.1188,1.1257,0.92712,0.85085,0,0.74418,0.73729,1.0147,0.85013,0
7.155,0.63993,1.2599,0.73523,0.9554,0.95989,0.92974,1.2998,0.94399,1.0799,1.1263,0.74211,0,1.0322,1.1303,0
7.165,1.2763,0.94867,0.73318,0.85881,0.63814,1.0013,1.2372,0.964,0.84611,2.2464,0.86338,2.9327,0.9955,0.52334,0
7.175,1.0606,0.74148,1.4623,0.81627,0.31818,1.0478,0.99879,0.93874,0.92046,0,1.1992,1.4623,1.0265,1.0438,0
7.185,1.2692,1.3004,0,1.1476,0.95189,1.34,0.82025,0.96186,1.6828,0,1.0119,2.1873,0.9765,0.88072,0
7.195,1.0547,0.88992,0.48472,0.75851,0.63283,0.90717,1.3438,0.98164,1.2205,1.1138,0.76446,1.4542,1.0141,0.9182,0
7.205,1.6829,1.1917,1.4501,0.86257,0.63108,1.1981,1.107,1.0717,1.2171,1.1107,1.1587,0.72507,0.89742,1.0351,3.7865
7.215,0.8391,0.96085,0.96408,0.84695,0.62933,1.085,0.98775,1.0655,0.83442,2.2153,1.1555,0,1.0552,0.83371,0
7.225,1.2552,0.93297,0.72106,0.76542,0.62759,0.87534,1.1009,1.0499,1.286,2.2092,0.75812,0,0.93575,1.1877,0
7.235,0.83447,1.0561,0.23969,1.0528,0.31293,1.1396,0.46226,0.94544,0.90525,0,0.78627,0.71907,0.89663,0.75015,0
7.245,0.62413,0.92783,1.1951,0.86619,0.31206,1.064,1.2677,1.0725,0.52661,0,0.9952,0.71708,1.0597,0.74808,0
7.255,0.20747,1.0253,0.71511,0.90307,0.62241,1.2178,1.4366,0.99072,1.1253,1.0955,0.87216,0.71511,1.0436,0.58896,1.8672
7.265,0.82759,1.1472,0.47543,0.91364,0.93104,0.99799,1.49,1.0541,1.2719,1.0925,0.98973,0,1.0869,0.90059,0
7.275,0.20633,0.89532,0.94824,0.79398,0.30949,0.93529,0.91437,1.0229,0.96993,0,0.89728,2.1335,0.98205,1.4838,0
7.285,1.2346,1.1657,0.94564,0.85671,0.30865,0.87294,1.1398,1.0389,1.1161,0,1.0738,2.1277,0.91712,0.85671,1.8519
7.295,0.4104,0.96462,0.94305,0.86731,1.8468,0.9421,0.90937,0.97676,0.81622,0,1.0411,0,0.93421,0.58252,1.8468
7.305,0.40928,1.2086,0.94047,1.0198,0.61392,1.2249,1.417,1.0021,0.88799,1.0805,0.80094,1.4107,0.87302,0.89075,0
7.315,1.2245,1.2053,0.9379,0.77245,0,1.0911,1.0175,0.96211,1.1069,1.0776,1.2129,0.70342,0.83165,1.1973,0
7.325,1.4247,0.88314,0.46767,0.96293,0,1.171,0.90193,0.96258,1.2511,1.0746,1.0031,0.7015,0.90065,1.3096,1.8317
7.335,0.6089,1.1009,0.69959,0.89628,0,1.1914,0.95569,0.86736,1.3945,0,0.82382,0.69959,1.063,0.80666,1.8267
7.345,0.80966,0.82954,0.69769,0.85554,0.60725,0.90579,0.61671,0.99121,0.73195,0,1.0857,2.7908,0.88931,0.80446,0
7.355,0.6056,1.1923,1.1597,1.0188,0.3028,0.90333,0.9505,1.0008,0.87595,2.1318,0.7023,0,0.97366,0.84048,0
7.365,1.0066,1.0677,0.92521,0.9652,0.60395,1.0296,0.94792,1.0165,0.87358,2.126,1.0214,2.0817,0.91653,1.143,0
7.375,1.0039,0.79861,1.1534,0.97525,0,0.77009,1.4458,1.0381,0.79861,1.0601,0.98953,0.69202,0.89807,1.1019,1.807
7.385,0.40046,1.3274,1.8404,0.93471,0.60069,1.0589,1.331,1.0779,1.5929,0,0.8127,1.3803,0.86695,0.79577,0
7.395,1.5975,0.98685,0.91771,0.98258,0.8986,0.84716,1.2168,1.0356,0.8665,0,1.071,2.7531,0.9409,0.90699,0
7.405,0.19915,1.0802,1.6017,0.85429,0.89617,0.77543,1.379,1.0297,1.1522,0,0.98153,2.0593,0.913,0.64072,1.7923
7.415,1.1917,0.98153,0.45639,0.90211,0.59584,1.1196,0.77015,1.1025,0.79002,0,1.1516,0,0.91686,0.90211,3.575
7.425,0.59423,0.93114,0.45516,1.1496,1.7827,1.1857,0.82294,1.0362,0.78789,0,1.0911,0,0.86394,0.71225,0
7.435,0.98773,1.2382,1.3618,0.84741,0.29632,0.84955,0.65658,1.1416,1.1429,1.0431,1.0595,1.3618,0.91508,1.0094,0
7.445,0.59104,0.94989,1.1318,0.91971,1.4776,0.89307,0.76396,0.9318,1.2824,0,0.99957,1.3581,0.97221,0.63385,3.5463
7.455,0.78595,1.2315,1.1288,1.066,0.58946,1.0391,0.9796,0.96218,0.71051,1.0375,0.93992,0,0.95084,0.70653,1.7684
7.465,1.3717,1.4645,1.8012,0.84062,0.58788,0.88829,1.0855,1.1026,0.63775,1.0347,0.96581,0.67544,0.91086,0.89006,0
7.475,1.1726,0.9894,0.44909,0.90001,2.0521,0.85184,0.92023,0.98676,0.35336,0,0.96323,1.3473,0.95198,0.96166,1.7589
7.485,1.5593,0.96326,0.67183,0.97139,1.4619,0.97417,1.0257,0.99301,0.70483,3.0876,0.84764,0.67183,0.93392,0.44266,0
7.495,0.97197,1.031,1.5634,0.8339,1.1664,1.0281,1.1307,1.0524,0.84354,2.0529,1.2117,1.3401,0.84169,1.1037,0
7.505,1.1633,0.9114,1.5593,0.90506,0.29082,0.93518,0.96659,1.0202,1.332,1.0237,0.81502,3.3413,0.99068,0.99068,3.4898
7.515,0.38672,0.88567,0.88864,0.75628,1.1602,1.0114,0.96402,0.97922,0.83905,0,0.64468,0,0.8957,1.2808,0
7.525,1.1571,0.86007,0.22157,0.93675,0.57854,1.0983,0.80121,1.0059,0.97629,3.0548,1.1182,0,0.89946,1.1679,1.7356
7.535,1.3464,1.136,0.44196,0.88574,2.308,1.0954,1.0655,1.0589,0.8346,2.0312,0.97583,0,0.98893,1.1648,1.731
7.545,0.57548,1.0174,0.88159,0.9439,1.7264,0.91414,0.74384,1.1202,1.4567,0,0.97325,0.66119,0.97104,0.9802,0
7.555,0.57396,0.94549,0.87926,0.85691,0.86094,0.76718,1.0598,1.0649,0.96856,0,1.4976,0.65944,0.96542,0.86898,3.4438
7.565,0.57244,1.035,1.0962,0.9991,0.57244,0.8206,1.1627,0.95181,1.035,1.0075,1.0788,0.6577,0.94465,0.93891,3.4347
7.575,0.57093,0.87169,0.43731,0.94844,0.8564,0.95116,0.79067,1.1027,1.3075,0,1.0207,1.3119,0.96639,0.90042,0
7.585,0.94905,1.0753,1.0904,0.91002,0.56943,0.94865,0.73602,1.1575,1.3041,0,1.3207,0.65424,0.92759,1.0417,1.7083
7.595,1.1359,1.0725,1.305,0.7882,1.4198,1.2212,1.206,1.1401,0.95838,0,1.0977,0,0.91008,0.75237,0
7.605,0.75525,1.0697,0.43387,0.90524,0.28322,1.0095,0.67985,1.028,1.229,0,1.0127,1.3016,0.93774,0.8576,1.6993
7.615,1.1299,1.203,1.5145,0.8791,1.4124,0.88647,1.1475,1.0654,1.2257,0,0.98274,1.2982,1.0402,0.92662,0
7.625,0.37565,1.1999,0.2158,1.0901,0.56347,1.1898,1.3006,1.0483,0.81502,0.99175,1.0346,1.2948,0.91788,0.78201,0
7.635,0.37466,1.2419,0.43046,0.88632,1.124,0.83829,0.93395,1.0797,0.88062,0.98915,1.1134,1.2914,1.0198,0.70906,3.372
7.645,1.121,0.76572,0.85868,0.89579,1.121,1.0098,0.87976,0.97177,1.1486,1.9731,0.94795,1.288,0.90714,0.91936,0
7.655,0.55906,0.92095,0.85643,0.82292,0.55906,0.90972,0.51615,1.0117,0.94342,0.98399,1.2426,0.64233,0.9997,0.70536,1.6772
7.665,0.74347,1.4562,1.2813,0.99665,0.2788,0.93975,0.92665,1.0911,1.0754,0.98142,0.96996,0.64065,0.92608,0.84422,1.6728
7.675,0.55615,1.0502,1.065,0.80694,1.3904,0.78648,0.82155,1.0939,1.2066,0,0.9943,1.9169,0.97679,0.6666,3.3369
7.685,0.5547,0.8692,1.0622,0.96814,1.1094,0.85965,1.0243,1.0713,1.3372,2.929,0.96491,1.2746,0.78587,0.69986,0
7.695,0.55326,1.1559,0.21189,0.84929,0.55326,0.86814,1.0727,1.0714,1.2671,0,0.90894,0.63566,0.95997,0.66314,0
7.705,0.73577,0.93121,0.84535,0.95152,1.9314,0.82312,0.86611,1.1469,1.3968,1.9425,1.1732,0.63402,0.89892,0.62661,0
7.715,1.4677,1.2826,1.054,1.1458,1.376,0.97026,1.0671,1.0268,1.1278,0.96874,0.98402,1.2647,0.94624,0.72915,1.6512
7.725,1.6469,1.3455,0.84098,0.8427,0,0.72316,1.0644,1.1883,0.86022,0,1.1141,0,0.94379,0.96968,0
7.735,0.91259,1.078,1.4679,1.0478,1.0951,1.0501,0.85941,1.0631,1.518,0.96374,1.2171,0.62911,0.87453,1.0363,0
7.745,0.3641,0.98745,2.3008,0.81539,0.81921,0.92044,0.85719,1.0327,1.0533,0,1.0028,1.8825,0.99398,1.0336,1.6384
7.755,0.90789,1.0068,1.0431,0.99656,0.8171,0.78089,0.55322,0.98582,1.1162,0.95877,1.0529,0,0.92205,0.61856,0
7.765,0.72444,1.1788,1.0404,1.0283,1.63,0.84203,0.70229,1.1761,1.1788,0,1.2602,0,0.91391,0.89117,1.63
7.775,1.4452,1.154,0.20755,0.96865,0.81291,0.75588,1.1508,1.0522,1.3718,0,1.2569,1.2453,0.9892,0.88888,1.6258
7.785,1.2613,1.0859,0.82807,0.9207,1.8919,0.82724,0.74859,1.0824,1.7592,0.9514,1.2537,0.62105,0.8748,0.9207,1.6216
7.795,1.0783,1.2998,1.4454,1.043,0.26958,0.88778,0.74667,1.0441,1.3647,0,0.98998,0,0.9212,1.0544,0
7.805,0.8963,1.0588,0.20596,0.92729,0.80667,0.823,1.2909,1.0468,1.1668,0,0.90949,0.61787,0.89315,0.81421,1.6133
7.815,2.1456,1.0129,1.6434,0.95876,1.341,1.0911,1.04,1.0849,1.2285,3.7764,0.98492,1.2326,0.9051,1.0828,0
7.825,0.89172,1.0318,1.2294,0.8663,1.3376,0.88099,0.64216,1.0496,1.2253,0,1.2668,1.2294,0.89711,0.70879,1.6051
7.835,1.601,1.2651,1.2263,1.0885,0.8005,1.0752,0.93615,1.1038,1.6725,0.93929,0.90254,0.61315,0.92031,0.84165,3.202
7.845,1.0646,0.8555,0.81545,1.0634,0.26615,0.84557,1.0321,1.0956,1.2832,0,1.2089,0.61159,0.96598,0.70518,1.5969
7.855,0.88492,1.0453,1.2201,0.89319,0.53095,0.82284,0.73531,1.1089,1.28,0.93452,1.0775,1.2201,0.95789,1.0718,3.1857
7.865,0.5296,1.1703,1.4198,0.98002,1.0592,1.0157,0.58675,1.0578,0.7022,1.8643,1.1004,0.60848,0.90487,0.90206,0
7.875,0.88043,0.82777,1.0116,0.9331,1.3207,1.0233,0.73158,1.0819,0.76409,0.92978,0.99549,0.60694,0.95583,0.76647,0
7.885,1.2295,1.1644,1.4126,1.0859,1.5808,1.031,0.87567,1.1058,0.95269,2.7823,0.91659,1.8162,0.91706,1.1634,1.5808
7.895,1.2264,0.9714,0.80516,0.91732,0.26279,0.64144,0.9705,1.0364,1.1403,0.92507,1.2444,3.6232,1.0207,0.79575,1.5768
7.905,0.87376,1.0953,0.60234,0.915,0.78639,1.0054,1.1617,1.0312,1.327,0,1.2919,0.60234,0.88461,0.89295,0
7.915,0.69725,1.0926,1.0014,0.94568,0.52293,0.93198,0.77248,1.1372,0.94548,0.9204,1.2129,0,1.0655,0.95668,3.1376
7.925,0.69549,1.2994,1.3984,0.99814,0.78242,0.869,0.96317,1.1502,0.75448,0.91808,0.93256,1.1986,0.9964,0.98717,0
7.935,0.69374,0.87801,0.59779,0.9081,0.5203,0.97768,0.86467,1.0629,0.81529,0.91577,1.257,0.59779,0.94143,1.1488,1.5609
7.945,0.86499,0.95921,0.79505,0.94947,1.557,0.84452,0.76666,1.0971,0.8758,0,1.0031,1.1926,0.88123,0.88399,0
7.955,1.8982,1.2064,0.59479,0.97974,1.5531,0.85243,1.0037,1.0523,1.248,0,0.87551,1.1896,0.94769,0.84911,1.5531
7.965,1.377,1.1826,1.3844,0.9447,1.291,1.0203,0.95352,1.0523,0.87141,0.90888,1.1478,0,1.022,1.0424,3.0983
7.975,1.0302,1.0141,1.1836,0.99649,1.2877,0.94794,0.90357,1.1045,1.6143,0.90661,0.9209,1.7754,0.94568,0.97483,3.0906
7.985,1.3702,1.0116,0.78711,1.1345,1.5414,1.0949,1.1385,1.0366,0.92898,0.90434,1.3407,1.1807,1.0251,0.7455,0
7.995,1.025,0.98844,0.58886,1.0238,1.2813,0.91342,1.1356,1.099,1.5444,0,1.2135,0,0.8784,1.2286,0
8.005,1.1929,0.76002,0.78318,0.82778,0.25562,0.96066,0.89681,1.1092,1.1092,1.7996,0.98812,5.2865,0.88435,1.1288,1.5337
8.015,1.3599,1.1884,0.78123,0.75065,0,0.95826,0.65916,1.0754,1.2294,3.5903,1.1582,0.58592,0.94167,0.7721,1.5299
8.025,0.67826,0.87887,0.9741,0.96272,0.5087,0.88689,1.1741,1.0573,1.165,2.686,1.1553,0,0.99331,0.99481,0
8.035,0.67658,1.0398,1.166,1.035,0.50743,0.98299,0.89013,1.1241,0.91745,0,1.0053,1.749,1.0043,1.0243,3.0446
8.045,1.3498,0.89484,1.357,0.95794,1.7716,0.92171,1.0281,1.0905,1.3423,0.8909,0.97832,0.58156,0.92661,0.98987,1.5185
8.055,0.84153,1.1969,1.1602,0.98742,1.0098,1.0172,1.212,1.0878,0.85204,1.7774,0.9515,0.58012,0.98057,1.1785,0
8.065,0.50366,0.97135,0.57868,1.0697,1.2592,1.005,0.60451,1.1898,1.0321,0,0.87613,1.1574,0.93271,1.2392,0
8.075,0.83736,1.2314,1.1545,0.98253,1.7585,0.81755,0.6494,0.97546,0.96895,0,0.82541,0,0.99171,1.0459,3.0145
8.085,1.0024,1.0471,1.9194,1.0539,0.25059,1.1068,0.97169,1.0416,1.027,0.8821,0.96867,1.7275,0.86693,1.2014,1.5035
8.095,0.49994,1.0244,1.5317,1.0513,1.9998,0.98784,1.2001,1.1227,0.78338,0.87993,0.94212,0,1.008,1.23,1.4998
8.105,0.99741,0.94175,1.5279,0.82846,0.99741,0.85981,1.059,1.0188,0.84156,0.87776,1.1085,0.57298,0.92882,1.227,0
8.115,1.1608,0.87947,0.38105,0.95195,1.2437,0.86733,0.55116,0.99108,1.3192,1.7512,1.0336,1.1431,0.99252,1.0984,1.4924
8.125,0.99251,1.0767,0.38011,1.127,0.99251,0.96133,0.73307,1.0037,0.89724,0.87344,0.93517,0.57016,0.98744,0.81395,2.9775
8.135,0.33002,0.99449,1.8959,1.0305,1.2376,0.96856,0.82267,1.0766,0.95471,1.7426,0.98072,1.7063,0.99815,0.96809,0
8.145,1.3168,0.95236,1.513,0.95533,1.4815,0.94705,0.77506,0.96627,0.83332,0.86916,1.0499,0.56737,0.92758,1.433,1.4815
8.155,0.65681,1.0688,0.56598,1.1187,1.2315,0.79204,0.95508,1.1287,0.59377,0.86703,0.97591,1.6979,0.95667,1.212,1.4778
8.165,1.4742,0.84899,1.6938,0.89899,0.9828,0.98049,0.77127,1.0238,0.77001,2.5947,0.80731,1.1292,0.96997,1.023,0
8.175,0.817,1.2211,0.93868,1.0205,0.9804,0.87364,0.99567,1.1133,1.0045,0.86279,1.1606,1.1264,0.91298,0.98956,1.4706
8.185,0.326,0.60907,1.8728,1.1208,1.467,0.84309,0.76751,1.0089,1.2378,0,1.1814,0,1.0716,0.77121,0
8.195,1.1382,0.74478,2.4287,1.1181,1.4634,1.0111,0.85571,1.0386,0.82318,0,1.1314,1.1209,0.96288,1.1694,2.9269
8.205,1.1355,1.0949,0.74546,1.1256,0.72993,0.98981,0.89855,1.041,1.2904,2.5695,1.0816,0.5591,0.93213,0.76745,0
8.215,1.1327,0.97521,1.1155,1.0004,1.4563,1.0532,0.35855,0.9548,0.70215,1.7088,0.91479,2.231,1.087,1.2249,0
8.225,0.64568,0.91447,1.1128,0.90629,1.4528,1.107,0.9389,1.0703,0.70045,0.85233,1.0062,1.1128,0.94559,0.97757,2.9056
8.235,1.2882,0.8152,1.1101,0.90409,0.96617,0.96389,1.0704,0.97955,0.69875,1.7005,1.0971,1.6651,0.97406,0.9752,0
8.245,0.96382,0.67769,1.1074,1.1147,1.2048,1.1389,0.97884,1.0065,0.87131,0,1.141,1.1074,1.0177,0.94243,0
8.255,1.282,1.3135,0.36823,0.84917,0.72112,1.0337,0.71016,1.0796,0.81126,1.6923,0.81303,0.55235,1.0586,1.2131,0
8.265,0.95917,1.1176,0.91835,0.80678,1.199,0.99407,1.1512,0.97245,0.46245,0.8441,0.99645,1.102,1.0153,1.0589,0
8.275,1.2758,0.88423,1.0994,1.1771,1.1961,1.1956,0.88341,1.0962,0.69201,0.84206,0.92469,0.54968,0.94435,0.99597,1.4353
8.285,0.63636,1.093,0,0.99357,1.4318,0.8321,0.88128,0.97986,0.92045,0,1.3837,0.54835,0.92435,0.96346,0
8.295,0.63483,0.91823,0.72938,0.89106,0.71418,0.87621,0.96707,1.0258,0.91823,2.514,0.71319,1.6411,0.93728,0.78093,1.4284
8.305,1.1083,1.0305,1.6371,0.98879,2.1374,0.8189,1.1402,0.95829,0.51526,2.508,1.0557,2.1829,0.96779,1.0188,1.4249
8.315,1.4215,1.009,0.5444,1.096,0.71075,0.93626,0.74369,1.016,1.3136,0,1.2593,1.0888,0.99815,1.1359,1.4215
8.325,1.5756,0.9686,0.72413,1.0536,0.70904,0.96148,1.0038,0.98964,1.4814,0.83198,0.93646,2.1724,1.0233,0.86477,1.4181
8.335,1.1003,0.87155,0.54179,1.0114,0.94312,1.0231,1.0014,0.99682,1.3642,1.66,0.93421,1.0836,1.0409,1.2197,0
8.345,1.0977,1.342,0.90083,1.0189,0.47043,1.0298,1.2161,0.96582,1.4743,0.82799,1.0002,1.6215,1.0634,0.83095,1.4113
8.355,1.2515,0.7731,0.5392,1.0461,0.93861,0.82731,1.3432,1.004,0.62225,2.478,1.2245,1.0784,0.9911,1.0658,0
8.365,0.31212,0.88412,1.0758,0.85652,1.1705,0.89789,0.86451,1.0182,0.6772,0,1.1085,0,0.98625,1.1814,2.8091
8.375,2.024,0.93831,0.71551,1.0607,1.1677,0.87765,1.2074,1.0086,1.2949,0.82207,1.0156,1.6099,0.95911,0.94287,1.4012
8.385,1.7085,0.76758,0.53535,1.0974,0.93191,0.96582,0.60227,1.0275,0.67397,0.82011,1.3284,2.1414,1.0483,1.1758,1.3979
8.395,1.5495,0.95252,0.53408,1.1143,1.8594,1.0986,1.2446,0.98263,1.2327,3.2726,0.8086,1.6022,0.97428,1.2023,1.3945
8.405,1.0821,0.95025,0.3552,0.93615,2.0868,1.114,0.77067,0.92857,1.0061,0,0.78427,0,1.0581,1.1702,2.7824
8.415,1.0795,0.91082,1.7718,0.97284,1.8506,0.97687,1.0678,0.97562,0.72494,0,1.1624,2.1262,1.0433,0.81718,5.5517
8.425,1.0769,0.89011,1.4141,1.0288,0.92308,1.0371,1.1079,0.95692,1.057,0.81234,1.182,0,1.031,0.90259,1.3846
8.435,0.30696,0.888,1.058,1.0263,2.072,0.94549,1.1478,1.0013,0.777,0.81042,0.97894,1.058,1.0677,1.0457,0
8.445,0.76559,0.99664,0.35185,0.96594,1.3781,0.96105,0.97544,0.92911,0.83053,0.8085,0.99882,1.0555,1.0627,1.3909,2.7561
8.455,1.0693,1.1048,0.87754,0.96365,0.91654,1.0298,1.0154,0.93853,0.82857,0,1.0407,1.5796,1.0189,1.272,0
8.465,0.76198,0.9552,1.2257,1.0671,1.6002,0.97422,0.54873,0.83666,0.7164,0.80469,0.79528,0,1.048,0.86524,0
8.475,1.2163,0.9896,0.69872,0.87279,0.22806,0.9896,0.96854,0.98035,0.87964,0.80279,0.79341,0.52404,1.0092,0.74811,0
8.485,1.3651,0.69474,1.0456,1.1482,1.3651,0.93438,0.79821,0.97343,1.3164,1.6018,1.3632,1.5684,1.0696,1.3205,0
8.495,0.75661,0.8755,0.34772,1.0787,0.90793,0.94097,1.4669,1.0609,0.98494,1.598,0.72387,3.1295,1.0599,1.2028,0
8.505,0.9058,0.90984,0.52035,1.0857,0.67935,0.94753,1.129,0.91605,0.98263,0,0.78782,1.0407,0.98048,0.77141,0
8.515,0.90367,0.74432,1.2113,0.99763,2.2592,1.0328,1.4183,0.96658,0.8714,2.3858,1.1353,1.5574,0.99017,1.0261,4.0665
8.525,1.2021,0.97802,1.5537,1.0237,1.8031,1.0391,1.1237,0.88662,0.97802,0.7934,1.0891,1.0358,1.1433,1.1375,0
8.535,0.89944,1.0661,0.86117,1.0875,0.22486,1.0367,1.993,1.0099,1.0299,0.79154,1.0431,1.0334,1.0261,1.1064,5.3966
8.545,1.0469,1.0816,1.031,0.94346,2.019,1.0343,1.2841,1.0667,1.0816,1.5794,1.149,0.51549,1.0023,1.2454,0
8.555,0.44762,0.88125,1.8857,1.1766,0.89524,1.0059,1.1571,0.93714,0.91722,0.78784,0.77864,1.0286,0.97618,1.1013,0
8.565,1.042,0.69977,0.68412,1.0705,2.2329,0.85645,0.57722,0.96438,0.86125,0.786,0.81998,0.51309,1.0331,1.4086,0
8.575,1.0396,1.0025,2.0476,1.0399,1.7821,1.1134,1.1929,0.89212,1.0741,0,1.0118,1.5357,0.97872,1.068,1.3366
8.585,1.1853,1.0537,0.5107,0.99077,1.3335,1.0677,0.73869,0.99144,0.53578,0.78235,1.1598,2.0428,1.0378,1.0095,1.3335
8.595,1.626,0.92652,1.1889,1.0351,0.44346,1.0738,0.61414,0.9127,0.85525,0.78053,0.89998,1.019,0.96712,1.091,1.3304
8.605,0.88487,0.94215,0.84721,1.0048,1.1061,1.0542,1.2663,1.007,0.95992,3.8936,0.76962,0.50833,1.0799,1.1722,1.3273
8.615,1.4714,0.97543,1.1833,1.0117,1.3242,0.90639,1.4264,0.92413,0.95769,1.5538,1.365,2.0286,0.97668,0.77968,1.3242
8.625,0.58718,0.8847,0.67463,1.1668,0.44038,0.88723,0.89449,0.96217,0.95548,3.1004,0.97884,0,1.0328,1.1946,0
8.635,1.0252,1.0239,0.84134,1.0532,1.9771,0.94475,1.2575,0.98222,0.84735,0.77331,0.99781,0.5048,1.0188,1.0255,2.6362
8.645,1.4612,0.863,0.67151,1.0785,1.0959,1.0105,1.0118,0.93995,1.2152,3.8576,0.8896,2.0145,1.063,0.9402,2.6301
8.655,0.72889,0.87858,1.0049,1.0208,0.43734,1.1607,0.8883,0.9533,0.79072,0.76974,1.3947,0.50247,0.93983,0.91044,1.312
8.665,1.0181,0.96421,0.66842,1.0551,1.0908,1.0227,1.128,0.86926,0.99927,0.76797,1.0542,0.50131,1.0187,1.1561,2.618
8.675,0.87064,1.1544,0.8336,1.0069,1.306,0.93606,1.3665,0.93567,0.78708,1.5324,0.71518,0,1.0903,0.87878,1.306
8.685,0.72387,0.78527,0.33267,1.1233,0.65148,0.98439,1.0426,0.89388,1.1517,1.5289,0.92339,0.99801,1.0854,1.2877,0
8.695,1.4444,1.2709,1.4936,0.9203,0.64998,0.95694,0.96016,0.87206,0.78346,0,1.005,0.99572,1.0048,1.1481,2.5999
8.705,1.4411,0.79903,1.4901,1.0273,1.5131,1.1474,1.397,0.96429,1.1985,1.5219,1.0863,0.99343,0.991,1.0091,0
8.715,1.4378,0.9705,0.82596,1.0159,0.86267,0.97762,0.59735,0.93366,0.83186,1.5184,0.87536,2.4779,1.0459,1.1428,0
8.725,1.291,0.89912,1.1537,0.95018,0.64552,1.3505,0.83437,0.95115,0.77808,0.75744,1.1645,0.49444,1.0961,1.2488,0
8.735,1.2881,0.84531,0.82218,1.0564,0.64404,1.073,1.3082,1.0077,0.87981,2.2671,0.6224,0,1.007,1.4897,0
8.745,0.71397,0.96386,1.3125,1.0089,1.2851,0.99582,0.98876,0.92726,0.77453,3.7699,0.99356,1.4765,1.0411,0.86477,1.2851
8.755,0.99727,0.91014,1.3095,1.1234,1.7096,1.1923,0.86812,0.93381,0.77276,1.5045,1.0739,0.98212,1.0228,1.3751,1.2822
8.765,0.85286,0.85666,1.1432,0.9236,1.0661,1.0739,1.0236,0.92736,0.6682,1.5011,1.0508,0.48994,1.1042,0.83393,0
8.775,1.1346,0.8889,0.65176,1.0557,0.85091,1.0467,0.94273,0.94681,0.76924,2.2465,1.0896,0.48882,1.0723,1.0736,0
8.785,1.415,0.9551,0.65028,0.91047,1.0612,1.1101,0.62706,0.90808,0.97215,1.4943,0.94351,0.48771,1.0654,1.1247,1.2735
8.795,1.2706,0.90188,1.2976,0.95293,1.2706,0.90249,0.78204,0.87381,0.96995,0.74543,0.90044,0.4866,1.0113,0.98855,0
8.805,0.84512,1.1205,0.32366,0.91522,0.21128,0.94955,1.0534,0.95537,1.0187,1.4875,1.0413,1.4565,0.96189,1.1462,2.5354
8.815,0.84321,0.96555,0.96879,1.1702,2.7404,0.98007,1.2456,0.97885,0.35573,1.4841,1.0797,0.96879,1.0671,1.3564,0
8.825,2.1032,0.82815,0.4833,0.99069,1.2619,1.0919,1.0874,0.99582,1.0141,0.74037,0.85368,0.4833,1.1049,0.71648,1.2619
8.835,0.83939,0.94432,0.96441,0.93549,1.0492,1.0244,1.1237,0.90421,1.0118,0,1.1559,0,1.089,0.63543,2.5182
8.845,1.5354,0.90854,1.7641,1.0919,1.0469,1.1519,0.96653,0.86608,1.0095,0,0.95099,0.48112,1.071,1.0567,2.5125
8.855,0.83561,0.7554,0.64004,1.107,0.4178,1.0845,0.8872,0.90225,0.95685,0.73536,0.72677,0,1.0686,1.0543,1.2534
8.865,1.8064,0.97144,1.1175,1.2009,0.62529,1.0659,0.92368,0.90867,0.90444,0,0.66471,0.47895,1.0131,0.973,1.2506
8.875,0.6932,0.98596,1.4336,1.067,1.0398,1.1522,1.4976,0.9762,1.1029,0,0.66321,0.47787,1.024,0.99705,2.4955
8.885,0.9683,0.95039,1.4304,1.0646,1.8674,1.0049,1.1494,0.974,1.1005,0.73041,0.82213,0.47679,1.0988,0.86391,0
8.895,0.82811,0.76526,0.95144,1.1493,1.2422,1.0748,0.91746,1.0306,0.54899,0,0.76027,0.47572,1.0216,1.1232,0
8.905,0.82625,1.0789,0.79109,1.0338,2.0656,1.1444,1.068,0.96335,1.3943,0.72713,0.99811,1.424,1.0851,0.96428,3.7181
8.915,1.0992,0.91089,0.78932,1.0575,0,1.0381,0.95141,1.0239,1.0931,1.451,0.75686,0,1.052,1.0141,1.2366
8.925,1.0967,0.85927,0.94506,1.107,0.61691,1.0596,0.91131,0.99865,0.89232,0.72387,0.99364,0.94506,0.9362,0.80429,2.4677
8.935,0.41036,1.2531,1.8859,1.0786,0.82071,1.097,1.2502,1.0505,1.1376,0,0.73365,0.47147,1.1867,1.5273,1.2311
8.945,0.81888,1.0035,1.4113,1.1967,1.0236,1.1342,1.0206,0.99419,0.88834,1.4413,0.9892,1.4113,1.0146,1.0073,0
8.955,1.4979,0.95201,1.0952,1.0996,0.40852,1.0921,1.0938,0.93605,0.68939,1.4381,0.80933,0.46937,1.0947,1.0566,1.2256
8.965,1.2228,0.76973,0.46832,1.0371,1.019,1.1055,0.71503,0.96909,0.93351,0.71743,0.96509,0,1.0533,1.1057,2.4457
8.975,0.94898,0.88241,0.93456,0.9664,1.2201,1.0163,1.0514,0.97724,0.78436,1.4317,1.0809,0,1.0639,1.1802,0
8.985,1.3527,0.99458,0.77707,1.0155,1.2174,1.0455,1.049,0.92159,0.88044,0.71424,0.86276,0.93248,1.0615,1.024,1.2174
8.995,0.67483,0.84595,1.3956,1.2686,1.6196,1.0197,1.1962,0.9298,0.73207,0,0.95867,1.3956,1.0871,0.97062,0
9.005,0.94267,1.12,0.61889,1.0959,0.202,0.92349,1.0817,0.9605,1.3635,0.71107,0.78085,1.3925,1.0826,1.1214,0
9.015,0.80621,0.79361,0.61752,0.91546,0.20155,1.1635,1.1537,0.9359,1.3605,0,0.95442,0.46314,1.0502,0.96632,0
9.025,1.2066,1.0504,0.77019,0.91343,1.2066,1.1687,1.2626,0.97052,0.87266,0.70792,0.99117,0.92423,1.0735,1.1672,0
9.035,1.204,0.9191,1.0759,0.95361,1.0033,1.0107,1.1116,0.89107,1.0642,0.70636,1.0278,0.46109,1.0349,0.75951,1.204
9.045,1.2013,0.96534,0.61343,0.94308,0.40044,1.0627,0.9982,0.94391,0.91707,1.4096,0.92875,0.92015,1.0348,0.78309,0
9.055,0.66592,0.80267,1.5302,1.1174,0.7991,1.1533,0.95911,1.0026,1.1558,1.4065,1.0618,0,1.1152,1.0838,1.1987
9.065,1.5947,0.78488,1.0688,1.1401,0.39867,1.058,0.9938,0.95592,1.1533,1.4034,0.86686,0.45805,1.0429,1.0311,1.196
9.075,1.326,1.1987,0.60938,1.0038,0.99448,1.0403,1.2487,0.86307,0.95896,1.4003,0.73041,0.45704,1.0533,1.054,1.1934
9.085,0.52922,1.228,1.2161,0.86802,0.79383,1.138,0.84285,0.91348,0.81333,0,1.0165,1.8241,1.0404,0.75117,0
9.095,0.9241,1.1934,1.0617,1.016,0.79209,1.0127,1.0238,0.9436,0.90701,0.69707,0.97598,0.91006,0.97508,1.2992,1.1881
9.105,1.449,0.93678,0.60537,1.072,1.5807,0.93394,0.87563,1.0697,0.95265,0.69554,0.78289,0,1.0023,0.97224,1.1855
9.115,1.0515,0.99809,0.90607,0.87061,0.78862,1.0236,0.8009,0.98943,1.0931,0.69401,0.99075,0,1.1047,1.0696,1.1829
9.125,1.1803,0.99591,1.0548,1.0094,0.78689,1.1128,0.83547,0.94737,0.94848,0,1.0076,0.90409,1.0313,0.9928,1.1803
9.135,1.1778,1.1199,1.0525,0.99889,0.58888,1.0343,1.1599,1.001,1.0884,0.69098,1.233,0.90211,0.98114,0.9411,0
9.145,0.78345,0.72399,0.45007,0.92257,0.78345,0.97891,1.085,1.0525,0.70825,0,0.85176,0,1.0663,0.88962,0
9.155,1.4332,1.1307,1.6466,0.95343,0.97718,0.99949,0.93827,0.9808,0.89516,2.0639,0.77436,0.44909,0.99553,1.0603,3.5178
9.165,1.5601,0.95589,0.29874,1.1646,0.78004,1.1786,1.3683,1.0577,0.70517,2.0594,0.96112,1.7924,1.0078,1.2302,0
9.175,0.77834,1.1571,0.29809,0.74469,0.58375,1.0931,1.2216,0.96864,0.70363,0.68496,1.0531,0,1.0779,0.93291,1.1675
9.185,0.77664,1.0141,0.89231,1.0779,0.77664,1.0005,0.968,0.98228,1.0297,2.7339,1.1071,0.44616,0.98697,0.90639,1.165
9.195,1.2916,0.99637,1.0388,0.97775,0.77495,1.2085,1.1805,0.98997,1.4946,0,0.99231,0,1.0424,0.7822,2.3249
9.205,1.1599,1.1029,0.74037,0.91058,0.77327,1.0935,0.9638,1.0172,0.88546,0,1.1022,0.88844,0.96833,0.68294,0
9.215,1.1574,0.94555,0.59101,1.0546,1.5432,0.9342,1.1754,0.9583,1.0231,0,1.0066,0.44326,1.0891,0.77881,1.1574
9.225,1.4115,1.0982,1.6218,0.90664,0.57744,1.1857,0.95962,0.94841,1.0672,0.67756,1.0231,0.4423,1.0356,1.2142,0
9.235,1.9206,0.81799,0.29423,0.84813,0.38413,0.9748,0.63836,0.95025,1.0186,0.67609,0.74244,0.88268,1.0049,1.1389,1.1524
9.245,0.76659,1.078,0.73397,0.99138,0.76659,1.2029,0.74315,1.0007,0.97022,2.0239,0.889,2.2019,1.0291,0.99138,3.4497
9.255,1.0199,1.045,1.0253,0.95707,0,0.87428,1.0593,0.98299,0.55321,0,0.99796,0,1.0269,1.1099,0
9.265,1.3994,1.1654,1.1693,0.93895,1.3358,0.81325,1.4447,0.99054,0.87403,0.67172,0.82984,0.43848,0.99025,0.8908,0
9.275,1.1425,1.1935,1.0209,0.9129,0.76164,1.1508,1.2306,1.0328,0.87215,0,0.97526,0.87508,1.0083,0.69669,1.1425
9.285,1.2667,0.70232,0.8732,1.0787,0.76,1.1263,1.2279,1.0691,1.4199,0.66883,0.99153,1.7464,0.93558,0.76711,2.28
9.295,1.6431,0.89887,1.0165,0.9329,0.37918,0.91819,0.87521,1.013,0.95981,0.66739,1.136,1.307,0.9215,1.0525,1.1376
9.305,0.63062,0.98815,1.3042,0.98659,0.94593,0.97485,1.0829,1.0319,1.0034,0.66596,1.0787,0.43472,0.98577,1.0264,1.1351
9.315,0.75512,0.95569,0.72298,0.9686,1.1327,0.9947,0.8366,0.98951,0.95569,0,0.89393,0.43379,0.99568,1.0242,0
9.325,1.1302,1.1202,1.5872,1.1091,1.1302,0.91959,1.1826,0.95492,1.4986,0,0.92842,0.43286,1.0855,0.95067,3.3907
9.335,1.6291,1.0422,1.2958,0.90911,0.18797,1.0269,1.1107,0.94334,1.5407,1.3234,0.98093,0.43193,0.97945,0.90121,0
9.345,1.5006,1.0249,1.5804,1.0649,0.93784,0.99559,0.93514,0.92802,1.5374,0.66027,0.87008,0.43101,0.9893,0.82828,1.1254
9.355,1.2478,1.1882,1.7204,0.94459,0.74867,1.0587,1.1059,0.99814,0.81218,1.3177,1.0491,1.7204,1.007,0.6376,1.123
9.365,1.3696,0.93051,1.2875,0.91901,0.74707,0.90451,1.0346,1.0149,1.2607,1.3149,0.95661,0,1.0108,0.77762,0
9.375,1.491,1.1532,1.4275,0.94056,0.55911,1.047,1.3077,1.0147,1.2131,0.65605,1.1707,1.2848,0.97902,0.94056,1.1182
9.385,1.4878,0.86677,0.71224,0.8056,1.4878,0.9583,0.82416,1.0182,0.80699,0,1.0244,1.7094,1.0125,0.79777,0
9.395,0.86603,0.89475,1.5636,1.1005,1.6702,1.0066,0.89094,1.0198,1.1184,0.65326,0.87877,2.985,1.0142,0.91315,0
9.405,1.1111,1.1905,0.85106,0.97351,0.55555,0.88966,1.2652,1.0983,1.0268,1.9556,0.93059,0.85106,0.95903,1.0981,1.1111
9.415,0.98555,0.9949,0.42462,1.0569,1.6631,1.0095,0.9554,1.0079,1.0246,1.301,0.98219,0.42462,1.0492,1.1424,1.1087
9.425,0.73759,0.74089,1.1299,0.98489,0.55319,1.0288,0.95338,1.0002,0.97797,1.2982,0.89101,0.84745,1.0665,0.67469,0
9.435,0.98137,0.96111,0.84565,0.88994,0.73603,1.048,1.0873,1.082,0.88718,0.64773,0.87134,0.42283,1.0232,0.81256,2.2081
9.445,0.61206,0.85579,0.70322,0.93439,0.73447,1.0102,0.88153,1.076,1.505,0.64636,0.94047,1.6877,0.99379,0.9035,0
9.455,0.61077,0.94233,0.56139,1.0403,0.73292,1.0436,1.218,1.0069,0.66257,0.645,1.027,0.42104,0.96641,0.83224,2.1988
9.465,0.60948,1.2783,0.70025,0.9689,2.0113,0.93509,0.94534,0.98249,1.2342,0.64363,1.1132,1.6806,0.95273,1.2919,0
9.475,0.48655,1.2023,0.69877,0.95918,0.72983,0.94018,0.90965,1.023,1.2756,1.9268,1.0932,0.83853,0.94878,0.85175,2.1895
9.485,0.97105,1.2144,1.1157,1.0337,1.0924,1.037,0.6724,1.0614,0.87785,0.64092,1.1613,1.6735,1.084,0.82698,1.0924
9.495,0.4845,0.8614,1.2525,1.0392,1.4535,0.9855,1.04,1.0279,0.7884,1.2791,1.0886,1.67,1.0046,1.0774,1.0901
9.505,0.12087,0.85959,1.6665,0.89213,2.1757,0.96236,0.97088,1.0055,0.91787,0,0.9812,0,0.9428,0.93788,2.1757
9.515,1.2062,1.0904,1.2472,1.012,1.6283,1.0024,1.1693,1.0988,1.134,2.5475,1.154,0.41575,0.98882,1.0044,2.1711
9.525,1.5647,0.885,0.96804,1.0554,0.54164,0.94433,0.90013,0.99029,1.2187,0,0.95964,1.2446,0.95801,0.84283,0
9.535,0.72067,1.1148,1.38,1.0153,0.72067,1.0191,0.8317,1.054,1.1293,1.2684,1.1143,3.726,0.92158,0.84107,1.081
9.545,1.0787,1.1847,1.2394,1.0057,1.0787,1.0727,1.0955,0.98979,0.95353,0.63289,0.99037,0,0.95781,0.77125,0
9.555,0.83727,1.1245,1.2368,0.96582,0.71766,0.8967,1.2589,0.99681,1.1678,1.2631,0.9883,1.2368,1.0091,1.0413,0
9.565,1.0742,1.0215,0.95996,1.0843,1.7904,0.97113,1.1571,0.94935,0.86323,0,0.96893,1.2342,0.94811,0.97133,0
9.575,1.072,0.94757,0.95795,1.0444,0.89333,1.1006,1.1217,1.0669,1.0337,0,0.93237,1.6422,1.0485,0.87914,1.072
9.585,1.3075,0.87396,1.7753,0.95978,1.2481,1.0431,1.0864,0.96347,1.0316,0,1.1372,1.2291,1.0142,1.0798,0
9.595,0.71169,1.2582,0.81768,1.0551,0.35584,1.0202,0.75563,1.03,1.2868,0,1.2208,0.81768,0.97429,0.85303,1.0675
9.605,0.59184,1.0701,0.81598,1.023,1.2429,0.96994,0.88519,1.0621,1.2841,0,1.0981,0.81598,0.91573,0.98566,1.0653
9.615,0.47249,1.1817,0.95,0.99106,1.2403,0.99538,0.81792,1.0545,1.1533,0,0.92463,1.2214,0.96648,0.78242,1.0631
9.625,0.82513,1.2361,0.94803,0.89234,1.2377,0.92481,1.1427,0.97161,0.89512,1.2448,1.0081,0.81259,0.96072,1.0485,1.0609
9.635,1.7645,1.0918,0.81091,1.0908,1.0587,0.89555,1.2381,1.0322,0.97834,1.2422,0.80144,0.81091,0.97745,0.93501,0
9.645,0.58694,1.1178,1.079,0.96269,0.70433,0.97555,1.1705,1.0194,1.1037,0.61983,0.98696,1.6185,0.94553,0.95529,1.0565
9.655,1.0543,1.0025,1.7497,0.75378,2.1086,0.9463,1.2005,0.99943,1.1014,0,1.1887,0.40378,0.97714,0.93114,1.0543
9.665,0.81832,1.1555,0.9402,1.062,0.52606,0.96473,1.0038,0.94581,1.0145,0.61727,1.2371,0,0.90998,0.84072,1.0521
9.675,1.05,0.89996,1.3404,0.97145,0.87496,0.85426,0.96937,0.95095,1.0546,1.848,1.15,1.2063,0.96939,1.3468,0
9.685,1.7463,0.87003,1.6051,1.0355,1.0478,1.069,1.1286,1.0552,0.96826,1.2294,0.94507,0,0.9192,0.70505,1.0478
9.695,1.0456,0.82623,0.93439,1.0261,1.3942,0.77647,0.64358,1.0831,0.79822,1.2269,1.0273,0.8009,0.95614,0.79155,0
9.705,1.7391,0.9503,0.66604,0.87768,1.0435,1.1118,1.1882,1.0544,1.1739,2.4488,0.87395,1.5985,0.9837,1.0313,2.0869
9.715,1.0413,1.0739,1.3293,0.90507,0.86777,0.91448,0.89731,1.0382,1.3807,1.2219,0.95601,1.994,0.89143,0.76639,1.0413
9.725,0.80825,1.1412,1.8573,1.027,0.86598,0.97299,1.0874,0.99739,1.1273,1.2194,0.90383,2.3879,0.9962,0.91778,3.1175
9.735,1.8436,1,1.7211,0.90136,0.69137,0.97099,0.8298,1.0234,1.2083,0.60843,1.2695,0.79433,1.029,0.89409,1.037
9.745,0.80494,1.0118,1.1891,0.97205,1.3799,0.87544,0.98734,1.065,0.95638,1.2144,1.0668,0.39635,0.97748,1.1534,0
9.755,0.68853,0.98208,1.9777,0.85423,1.0328,0.93367,0.8264,0.97032,0.82993,1.2119,0.81511,0.79108,0.9572,1.0425,1.0328
9.765,1.0307,1.1319,0.65788,0.96807,1.0307,0.88517,0.76127,0.96311,0.91105,0,1.1787,0.78946,1.0263,1.1704,1.0307
9.775,0.34286,0.93674,0.91915,1.0238,0.68572,1.0228,1.2978,1.0533,0.74388,0,0.91118,1.5757,0.88234,0.95167,0
9.785,0.68432,1.1135,1.0483,0.95693,1.5397,0.92132,0.72657,0.93489,0.90733,0.60222,0.95892,0.78624,0.92048,1.1656,1.0265
9.795,0.79674,0.93292,0.39232,1.0196,1.5366,0.87314,0.78814,0.96068,1.0701,1.202,0.72597,0.39232,1.0527,0.96933,0
9.805,0.56794,1.2733,0.39152,1.082,0.68153,0.89117,0.69215,1.0192,0.90363,0.59977,0.82328,0,0.94747,1.0533,0
9.815,1.1336,1.0111,0.78144,1.0512,0.85018,0.97499,1.2245,0.99642,1.2707,0,1.101,2.735,0.90945,1.1156,1.0202
9.825,0.67876,0.96814,1.9496,0.9777,0.33938,0.87439,1.222,1.046,0.81814,1.1947,1.0331,1.1698,0.95622,0.9206,0
9.835,1.0161,0.91174,1.4268,0.91161,1.5241,1.1088,1.3759,1.0387,1.1023,1.1922,0.98192,0.38913,0.95787,1.0897,0
9.845,0.78867,0.92347,1.5534,0.79604,1.014,0.9887,0.99859,0.99721,0.93705,0.59491,1.0943,1.165,0.94696,0.83158,0
9.855,0.44975,1.0842,1.0335,0.97885,1.1806,0.91482,0.74743,1.0567,1.0165,0,1.1409,1.1627,1.0041,0.74477,1.0119
9.865,1.1221,1.1091,1.2892,1.0193,0.84158,0.92601,0.90131,0.97269,0.77095,0,1.285,0.77354,0.96992,1.0618,0
9.875,1.2318,0.75589,1.4153,1.0243,0.33595,0.86556,0.77542,1.0559,1.0933,1.1826,0.94152,1.5439,0.95013,1.102,0
9.885,1.5646,0.84865,1.1556,1.0223,1.1734,0.99371,0.95957,1.0011,1.0911,1.1802,0.90721,1.1556,1.0318,1.1633,0
9.895,1.3384,0.94104,1.0251,0.97798,1.3384,1.1019,1.0812,0.99903,1.2906,1.1778,1.0832,2.691,0.93031,0.94984,2.0076
9.905,0.89045,1.0331,1.6625,1.0532,1.6696,1.035,1.079,0.953,1.3685,2.9386,1.1456,1.151,1.0082,0.94792,1.0018
9.915,0.22216,1.0444,0.89338,1.0021,1.4996,1.0652,1.0461,1.044,0.96403,1.1731,0.98224,1.1486,0.90357,0.81988,3.9989
9.925,0.66515,0.98881,1.2737,1.077,1.3303,0.96638,0.92115,1.1161,0.922,0.58535,1.1249,1.1463,0.93705,1.1329,0
9.935,1.1063,1.0802,0.76268,0.94221,1.1617,0.96444,0.79672,0.96576,0.92015,0,1.0906,1.144,0.85943,0.73283,0.99571
9.945,0.44165,0.7719,0.76114,0.99604,0.82809,1.1165,1.1315,1.0343,0.75859,1.166,1.0884,0,0.92098,0.9821,0
9.955,0.33057,1.0227,1.0128,1.1539,0.99172,1.0118,0.82405,1.1378,1.1157,2.3273,0.8945,0.75961,1.0209,0.98013,0
9.965,0.98973,0.90136,1.1371,1.0614,0.65982,0.97781,0.88331,1.0988,0.79532,1.1613,1.0521,1.1371,1.0223,0.91573,1.9795
9.975,0.76825,0.8731,0.75657,0.90697,0.82312,0.77813,0.97273,1.0014,1.1112,0.5795,1.0182,1.1349,0.98882,0.95544,1.9755
9.985,1.0953,0.83174,0.8809,1.071,1.9715,0.96754,0.8191,1.0177,0.75253,0.57834,1.032,0.37753,0.99556,1.0779,1.9715
9.995,1.5303,1.0014,1.1303,1.0068,0.9838,1.0037,0.93857,0.95586,1.1068,1.1544,0.96658,1.1303,1.0005,1.0344,0
